<?xml version="1.0" encoding="UTF-8"?><ActivityDefinition xmlns="http://hl7.org/fhir"><id value="act-retinol-in-serum-plasma"/><meta><profile value="http://rarecare.world/fhir/StructureDefinition/lab-activity"/></meta><url value="https://rarecare.world/fhir/LabActivityDefinition/14905-4"/><version value="0.1.0"/><status value="draft"/><date value="2021-06-11T11:22:34+02:00"/><description value="Retinol (Vitamin A) in serum/plasma"/><kind value="ServiceRequest"/><code><coding><system value="http://loinc.org"/><code value="751-8"/><display value="Retinol (Vitamin A) in serum/plasma"/></coding></code><observationRequirement><reference value="#loinc-14905-4&#xD;&#xA;&#xD;&#xA;"/></observationRequirement></ActivityDefinition>