<?xml version="1.0" encoding="UTF-8"?><ActivityDefinition xmlns="http://hl7.org/fhir"><id value="act-retinol-in-serum-plasma"/><meta><profile value="http://rarecare.world/fhir/StructureDefinition/lab-activity"/></meta><url value="https://rarecare.world/fhir/LabActivityDefinition/14905-4"/><version value="0.1.0"/><status value="draft"/><date value="2022-10-25T15:37:55+02:00"/><description value="Retinol (Vitamin A) in serum/plasma"/><kind value="ServiceRequest"/><code><coding><system value="http://loinc.org"/><code value="751-8"/><display value="Retinol (Vitamin A) in serum/plasma"/></coding></code><observationRequirement><reference value="ObservationDefinition/obs-retinol-in-serum-plasma"/></observationRequirement></ActivityDefinition>