<?xml version="1.0" encoding="UTF-8"?><ActivityDefinition xmlns="http://hl7.org/fhir"><id value="act-pancreatine"/><meta><profile value="http://rarecare.world/fhir/StructureDefinition/med-activity"/></meta><url value="https://rarecare.world/fhir/MedActivityDefinition/A09AA02"/><version value="0.1.0"/><status value="draft"/><date value="2022-10-25T15:37:55+02:00"/><description value="Pancreatine"/><kind value="MedicationRequest"/><code><coding><system value="http://www.whocc.no/atc"/><code value="A09AA02"/><display value="MULTI-ENZYMEN (LIPASE, PROTEASE, ENZ)"/></coding></code></ActivityDefinition>