<?xml version="1.0" encoding="UTF-8"?><ActivityDefinition xmlns="http://hl7.org/fhir"><id value="act-neutrophils-in-blood"/><meta><profile value="http://rarecare.world/fhir/StructureDefinition/lab-activity"/></meta><url value="https://rarecare.world/751-8"/><version value="0.1.0"/><status value="draft"/><date value="2021-05-27T16:06:45+02:00"/><description value="Neutrophils in blood measurement"/><kind value="ServiceRequest"/><code><coding><system value="http://loinc.org"/><code value="751-8"/><display value="Neutrophils in blood"/></coding></code><observationRequirement><reference value="#loinc-751-8"/></observationRequirement></ActivityDefinition>