<?xml version="1.0" encoding="UTF-8"?><ActivityDefinition xmlns="http://hl7.org/fhir"><id value="act-calcidiol-in-serum-plasma"/><meta><profile value="http://rarecare.world/fhir/StructureDefinition/lab-activity"/></meta><url value="https://rarecare.world/fhir/LabActivityDefinition/14635-7"/><version value="0.1.0"/><status value="draft"/><date value="2022-10-25T15:37:55+02:00"/><description value="Calcidiol (25-hydroxy-Vitamin D3) in serum/plasma"/><kind value="ServiceRequest"/><code><coding><system value="http://loinc.org"/><code value="14635-7"/><display value="Calcidiol (25-hydroxy-Vitamin D3) in serum/plasma"/></coding></code><observationRequirement><reference value="ObservationDefinition/obs-calcidiol-in-serum-plasma"/></observationRequirement></ActivityDefinition>