<?xml version="1.0" encoding="UTF-8"?><ImplementationGuide xmlns="http://hl7.org/fhir"><id value="rarecare.world"/><text><status value="extensions"/><div xmlns="http://www.w3.org/1999/xhtml"><h2>RarecareFHIRIG</h2><p>The official URL for this implementation guide is: </p><pre>http://rarecare.world/fhir/ImplementationGuide/rarecare.world</pre></div></text><url value="http://rarecare.world/fhir/ImplementationGuide/rarecare.world"/><version value="0.1.0"/><name value="RarecareFHIRIG"/><status value="draft"/><date value="2021-06-03T16:45:00+02:00"/><packageId value="rarecare.world"/><license value="CC0-1.0"/><fhirVersion value="4.0.1"/><definition><extension url="http://hl7.org/fhir/tools/StructureDefinition/ig-parameter"><extension url="code"><valueString value="copyrightyear"/></extension><extension url="value"><valueString value="2021+"/></extension></extension><extension url="http://hl7.org/fhir/tools/StructureDefinition/ig-parameter"><extension url="code"><valueString value="releaselabel"/></extension><extension url="value"><valueString value="ci-build"/></extension></extension><extension url="http://hl7.org/fhir/tools/StructureDefinition/ig-parameter"><extension url="code"><valueString value="path-liquid"/></extension><extension url="value"><valueString value="template/liquid"/></extension></extension><extension url="http://hl7.org/fhir/tools/StructureDefinition/ig-parameter"><extension url="code"><valueString value="path-liquid"/></extension><extension url="value"><valueString value="input/liquid"/></extension></extension><extension url="http://hl7.org/fhir/tools/StructureDefinition/ig-parameter"><extension url="code"><valueString value="path-qa"/></extension><extension url="value"><valueString value="temp/qa"/></extension></extension><extension url="http://hl7.org/fhir/tools/StructureDefinition/ig-parameter"><extension url="code"><valueString value="path-temp"/></extension><extension url="value"><valueString value="temp/pages"/></extension></extension><extension url="http://hl7.org/fhir/tools/StructureDefinition/ig-parameter"><extension url="code"><valueString value="path-output"/></extension><extension url="value"><valueString value="output"/></extension></extension><extension url="http://hl7.org/fhir/tools/StructureDefinition/ig-parameter"><extension url="code"><valueString value="path-suppressed-warnings"/></extension><extension url="value"><valueString value="input/ignoreWarnings.txt"/></extension></extension><extension url="http://hl7.org/fhir/tools/StructureDefinition/ig-parameter"><extension url="code"><valueString value="path-history"/></extension><extension url="value"><valueString value="http://rarecare.world/fhir/history.html"/></extension></extension><extension url="http://hl7.org/fhir/tools/StructureDefinition/ig-parameter"><extension url="code"><valueString value="template-html"/></extension><extension url="value"><valueString value="template-page.html"/></extension></extension><extension url="http://hl7.org/fhir/tools/StructureDefinition/ig-parameter"><extension url="code"><valueString value="template-md"/></extension><extension url="value"><valueString value="template-page-md.html"/></extension></extension><extension url="http://hl7.org/fhir/tools/StructureDefinition/ig-parameter"><extension url="code"><valueString value="apply-contact"/></extension><extension url="value"><valueString value="true"/></extension></extension><extension url="http://hl7.org/fhir/tools/StructureDefinition/ig-parameter"><extension url="code"><valueString value="apply-context"/></extension><extension url="value"><valueString value="true"/></extension></extension><extension url="http://hl7.org/fhir/tools/StructureDefinition/ig-parameter"><extension url="code"><valueString value="apply-copyright"/></extension><extension url="value"><valueString value="true"/></extension></extension><extension url="http://hl7.org/fhir/tools/StructureDefinition/ig-parameter"><extension url="code"><valueString value="apply-jurisdiction"/></extension><extension url="value"><valueString value="true"/></extension></extension><extension url="http://hl7.org/fhir/tools/StructureDefinition/ig-parameter"><extension url="code"><valueString value="apply-license"/></extension><extension url="value"><valueString value="true"/></extension></extension><extension url="http://hl7.org/fhir/tools/StructureDefinition/ig-parameter"><extension url="code"><valueString value="apply-publisher"/></extension><extension url="value"><valueString value="true"/></extension></extension><extension url="http://hl7.org/fhir/tools/StructureDefinition/ig-parameter"><extension url="code"><valueString value="apply-version"/></extension><extension url="value"><valueString value="true"/></extension></extension><extension url="http://hl7.org/fhir/tools/StructureDefinition/ig-parameter"><extension url="code"><valueString value="active-tables"/></extension><extension url="value"><valueString value="true"/></extension></extension><grouping id="-str-profile"><name value="Structures: Resource Profiles"/><description value="These define constraints on FHIR resources for systems conforming to this implementation guide"/></grouping><grouping id="-ex-example"><name value="Example: Example Instances"/><description value="These are example instances that show what data produced and consumed by systems conforming with this implementation guide might look like"/></grouping><resource><extension url="http://hl7.org/fhir/StructureDefinition/implementationguide-page"><valueUri value="StructureDefinition-disease-plan.html"/></extension><reference><reference value="StructureDefinition/disease-plan"/></reference><name value="Disease Management Plan"/><description value="The PlanDefinition for a rare conditions refers to PlanDefinitions of other diseases, &#xD;&#xA;i.e. Shwachman-Diamond Syndrome is typically associated with Neutropenia. The disease plan refers to &#xD;&#xA;medication, lab tests and other items for management of the disease."/><exampleBoolean value="false"/><groupingId value="-str-profile"/></resource><resource><extension url="http://hl7.org/fhir/StructureDefinition/implementationguide-page"><valueUri value="StructureDefinition-lab-activity.html"/></extension><reference><reference value="StructureDefinition/lab-activity"/></reference><name value="Lab Test Activity"/><description value="A Disease is associated with Symptoms, which may be abnormal lab values, represented by LOINC codes."/><exampleBoolean value="false"/><groupingId value="-str-profile"/></resource><resource><extension url="http://hl7.org/fhir/StructureDefinition/implementationguide-page"><valueUri value="StructureDefinition-lab-observation.html"/></extension><reference><reference value="StructureDefinition/lab-observation"/></reference><name value="Lab Test Observation"/><description value="A Disease is associated with Symptoms, which may be abnormal lab values, represented by LOINC codes."/><exampleBoolean value="false"/><groupingId value="-str-profile"/></resource><resource><extension url="http://hl7.org/fhir/StructureDefinition/implementationguide-page"><valueUri value="StructureDefinition-rare-care-plan.html"/></extension><reference><reference value="StructureDefinition/rare-care-plan"/></reference><name value="Rare Condition Management Plan"/><description value="The PlanDefinition for a rare conditions refers to PlanDefinitions of other diseases, &#xD;&#xA;i.e. Shwachman-Diamond Syndrome is typically associated with Neutropenia. A code from Orphanet is required."/><exampleBoolean value="false"/><groupingId value="-str-profile"/></resource><resource><extension url="http://hl7.org/fhir/StructureDefinition/implementationguide-page"><valueUri value="ActivityDefinition-act-neutrophils-in-blood.html"/></extension><reference><reference value="ActivityDefinition/act-neutrophils-in-blood"/></reference><name value="Neutrophils in blood ActivityDefinition"/><description value="Neutrophils in blood measurement"/><exampleCanonical value="http://rarecare.world/fhir/StructureDefinition/lab-activity"/><groupingId value="-ex-example"/></resource><resource><extension url="http://hl7.org/fhir/StructureDefinition/implementationguide-page"><valueUri value="ObservationDefinition-obs-neutrophils-in-blood.html"/></extension><reference><reference value="ObservationDefinition/obs-neutrophils-in-blood"/></reference><name value="Neutrophils in blood ObservationDefinition"/><exampleBoolean value="true"/><groupingId value="-ex-example"/></resource><resource><extension url="http://hl7.org/fhir/StructureDefinition/implementationguide-page"><valueUri value="PlanDefinition-plan-neutropenia.html"/></extension><reference><reference value="PlanDefinition/plan-neutropenia"/></reference><name value="Neutropenia PlanDefinition"/><description value="Neutropenia management plan."/><exampleCanonical value="http://rarecare.world/fhir/StructureDefinition/disease-plan"/><groupingId value="-ex-example"/></resource><resource><extension url="http://hl7.org/fhir/StructureDefinition/implementationguide-page"><valueUri value="PlanDefinition-plan-sds.html"/></extension><reference><reference value="PlanDefinition/plan-sds"/></reference><name value="Shwachman Diamond Syndrome PlanDefinition"/><description value="Shwachman Diamond Syndrome personal management plan."/><exampleCanonical value="http://rarecare.world/fhir/StructureDefinition/rare-care-plan"/><groupingId value="-ex-example"/></resource><page><nameUrl value="toc.html"/><title value="Table of Contents"/><generation value="html"/><page><nameUrl value="index.html"/><title value="Home"/><generation value="markdown"/></page><page><nameUrl value="artifacts.html"/><title value="Artifacts Summary"/><generation value="html"/><page><nameUrl value="StructureDefinition-disease-plan.html"/><title value="Disease Management Plan"/><generation value="generated"/></page><page><nameUrl value="StructureDefinition-lab-activity.html"/><title value="Lab Test Activity"/><generation value="generated"/></page><page><nameUrl value="StructureDefinition-lab-observation.html"/><title value="Lab Test Observation"/><generation value="generated"/></page><page><nameUrl value="StructureDefinition-rare-care-plan.html"/><title value="Rare Condition Management Plan"/><generation value="generated"/></page><page><nameUrl value="ActivityDefinition-act-neutrophils-in-blood.html"/><title value="Neutrophils in blood ActivityDefinition"/><generation value="generated"/></page><page><nameUrl value="ObservationDefinition-obs-neutrophils-in-blood.html"/><title value="Neutrophils in blood ObservationDefinition"/><generation value="generated"/></page><page><nameUrl value="PlanDefinition-plan-neutropenia.html"/><title value="Neutropenia PlanDefinition"/><generation value="generated"/></page><page><nameUrl value="PlanDefinition-plan-sds.html"/><title value="Shwachman Diamond Syndrome PlanDefinition"/><generation value="generated"/></page></page></page><parameter><code value="path-resource"/><value value="input/capabilities"/></parameter><parameter><code value="path-resource"/><value value="input/examples"/></parameter><parameter><code value="path-resource"/><value value="input/extensions"/></parameter><parameter><code value="path-resource"/><value value="input/models"/></parameter><parameter><code value="path-resource"/><value value="input/operations"/></parameter><parameter><code value="path-resource"/><value value="input/profiles"/></parameter><parameter><code value="path-resource"/><value value="input/resources"/></parameter><parameter><code value="path-resource"/><value value="input/vocabulary"/></parameter><parameter><code value="path-resource"/><value value="input/maps"/></parameter><parameter><code value="path-resource"/><value value="input/testing"/></parameter><parameter><code value="path-resource"/><value value="input/history"/></parameter><parameter><code value="path-resource"/><value value="fsh-generated/resources"/></parameter><parameter><code value="path-pages"/><value value="template/config"/></parameter><parameter><code value="path-pages"/><value value="input/images"/></parameter><parameter><code value="path-tx-cache"/><value value="input-cache/txcache"/></parameter></definition></ImplementationGuide>