<?xml version="1.0" encoding="UTF-8"?><PlanDefinition xmlns="http://hl7.org/fhir"><id value="plan-sds"/><meta><profile value="http://rarecare.world/fhir/StructureDefinition/rare-care-plan"/></meta><url value="http://rarecare.world/fhir/PlanDefinition/shwachman-diamond-syndrome"/><version value="0.1.0"/><title value="Shwachman Diamond Syndrome Management"/><type><coding><system value="http://terminology.hl7.org/CodeSystem/plan-definition-type"/><code value="clinical-protocol"/></coding></type><status value="draft"/><subjectCodeableConcept><coding><system value="http://hl7.org/fhir/resource-types"/><code value="Patient"/></coding></subjectCodeableConcept><date value="2021-01-14"/><publisher value="Stichting Rare Care World"/><description value="Shwachman Diamond Syndrome management plan."/><topic><coding><system value="http://terminology.hl7.org/CodeSystem/definition-topic"/><code value="treatment"/></coding></topic><relatedArtifact><type value="justification"/><url value="https://rarecare.world/patient-organisation/shwachman-syndrome-support-holland"/></relatedArtifact><goal><description><text value="Shwachman Diamond Syndrome management"/></description><addresses><coding><system value="http://www.orpha.net"/><code value="ORPHA:811"/><display value="Shwachman-Diamond syndrome"/></coding></addresses></goal><action><title value="Neutropenia"/><definitionCanonical value="http://rarecare.world/fhir/PlanDefinition/neutropenia"/></action><action><title value="Pancreas Insufficiency"/><definitionCanonical value="http://rarecare.world/fhir/PlanDefinition/pancreas-insufficiency"/></action><action><title value="Developmental disability"/><definitionCanonical value="http://rarecare.world/fhir/PlanDefinition/developmental-disability"/></action><action><title value="Vragenlijst participatie voor Shwachman Diamond Syndroom"/><definitionCanonical value="http://rarecare.world/fhir/Questionnaire/shwachman-diamond-syndrome"/></action></PlanDefinition>