<?xml version="1.0" encoding="UTF-8"?><PlanDefinition xmlns="http://hl7.org/fhir"><id value="plan-sds"/><meta><profile value="http://rarecare.world/fhir/StructureDefinition/rare-care-plan"/></meta><url value="http://rarecare.world/fhir/PlanDefinition/plan-sds"/><version value="0.1.0"/><title value="Shwachman Diamond Syndrome Management"/><type><coding><system value="http://terminology.hl7.org/CodeSystem/plan-definition-type"/><code value="clinical-protocol"/></coding></type><status value="draft"/><subjectCodeableConcept><coding><system value="http://hl7.org/fhir/resource-types"/><code value="Patient"/></coding></subjectCodeableConcept><date value="2021-01-14"/><publisher value="Stichting Rare Care World"/><description value="Shwachman Diamond Syndrome personal management plan."/><topic><coding><system value="http://terminology.hl7.org/CodeSystem/definition-topic"/><code value="treatment"/></coding></topic><relatedArtifact><type value="justification"/><url value="https://rarecare.world/patient-organisation/shwachman-syndrome-support-holland"/></relatedArtifact></PlanDefinition>