<?xml version="1.0" encoding="UTF-8"?><PlanDefinition xmlns="http://hl7.org/fhir"><id value="plan-developmental-disability"/><meta><profile value="http://rarecare.world/fhir/StructureDefinition/disease-plan"/></meta><url value="http://rarecare.world/fhir/PlanDefinition/developmental-disability"/><version value="0.1.0"/><title value="Ontwikkelingsstoornis"/><type><coding><system value="http://terminology.hl7.org/CodeSystem/plan-definition-type"/><code value="clinical-protocol"/></coding></type><status value="draft"/><subjectCodeableConcept><coding><system value="http://hl7.org/fhir/resource-types"/><code value="Patient"/></coding></subjectCodeableConcept><date value="2021-01-14"/><publisher value="Stichting Rare Care World"/><description value="Neutropenia management plan."/><topic><coding><system value="http://terminology.hl7.org/CodeSystem/definition-topic"/><code value="treatment"/></coding></topic><relatedArtifact><type value="documentation"/><url value="https://rarecare.world/disease/neutropenia"/></relatedArtifact><goal><description><text value="Neutropenia management"/></description><addresses><coding><system value="http://hl7.org/fhir/sid/icd-10"/><code value="D70.9"/><display value="Neutropenia, unspecified"/></coding></addresses></goal><action><title value="Neutrophils in blood"/><definitionCanonical value="act-neutrophils-in-blood"/></action></PlanDefinition>