<?xml version="1.0" encoding="UTF-8"?><Questionnaire xmlns="http://hl7.org/fhir"><id value="shwachman-diamond-syndrome-questionnaire"/><meta><profile value="http://rarecare.world/fhir/StructureDefinition/participation-questionnaire"/></meta><text><status value="generated"/><div xmlns="http://www.w3.org/1999/xhtml"><table border="1" cellpadding="0" cellspacing="0" style="border: 1px #F0F0F0 solid; font-size: 11px; font-family: verdana; vertical-align: top;"><tr style="border: 2px #F0F0F0 solid; font-size: 11px; font-family: verdana; vertical-align: top"><th style="vertical-align: top; text-align : left; background-color: white; border: 1px #F0F0F0 solid; padding:0px 4px 0px 4px" class="hierarchy"><a href="http://hl7.org/fhir/R4/formats.html#table" title="The linkId for the item">LinkId</a></th><th style="vertical-align: top; text-align : left; background-color: white; border: 1px #F0F0F0 solid; padding:0px 4px 0px 4px" class="hierarchy"><a href="http://hl7.org/fhir/R4/formats.html#table" title="Text for the item">Text</a></th><th style="vertical-align: top; text-align : left; background-color: white; border: 1px #F0F0F0 solid; padding:0px 4px 0px 4px" class="hierarchy"><a href="http://hl7.org/fhir/R4/formats.html#table" title="Minimum and Maximum # of times the the itemcan appear in the instance">Cardinality</a></th><th style="vertical-align: top; text-align : left; background-color: white; border: 1px #F0F0F0 solid; padding:0px 4px 0px 4px" class="hierarchy"><a href="http://hl7.org/fhir/R4/formats.html#table" title="The type of the item">Type</a></th><th style="vertical-align: top; text-align : left; background-color: white; border: 1px #F0F0F0 solid; padding:0px 4px 0px 4px" class="hierarchy"><a href="http://hl7.org/fhir/R4/formats.html#table" title="Additional information about the item">Description &amp; Constraints</a><span style="float: right"><a href="http://hl7.org/fhir/R4/formats.html#table" title="Legend for this format"><img src="http://hl7.org/fhir/R4/help16.png" alt="doco" style="background-color: inherit"/></a></span></th></tr><tr style="border: 1px #F0F0F0 solid; padding:0px; vertical-align: top; background-color: white"><td style="vertical-align: top; text-align : left; background-color: white; border: 1px #F0F0F0 solid; padding:0px 4px 0px 4px; white-space: nowrap; background-image: url(tbl_bck1.png)" class="hierarchy"><img src="tbl_spacer.png" alt="." style="background-color: inherit" class="hierarchy"/><img src="icon_q_root.gif" alt="." style="background-color: white; background-color: inherit" title="QuestionnaireRoot" class="hierarchy"/> </td><td style="vertical-align: top; text-align : left; background-color: white; border: 1px #F0F0F0 solid; padding:0px 4px 0px 4px" class="hierarchy"></td><td style="vertical-align: top; text-align : left; background-color: white; border: 1px #F0F0F0 solid; padding:0px 4px 0px 4px" class="hierarchy"></td><td style="vertical-align: top; text-align : left; background-color: white; border: 1px #F0F0F0 solid; padding:0px 4px 0px 4px" class="hierarchy">Questionnaire</td><td style="vertical-align: top; text-align : left; background-color: white; border: 1px #F0F0F0 solid; padding:0px 4px 0px 4px" class="hierarchy"/></tr>
<tr style="border: 1px #F0F0F0 solid; padding:0px; vertical-align: top; background-color: #F7F7F7"><td style="vertical-align: top; text-align : left; background-color: #F7F7F7; border: 1px #F0F0F0 solid; padding:0px 4px 0px 4px; white-space: nowrap; background-image: url(tbl_bck10.png)" class="hierarchy"><img src="tbl_spacer.png" alt="." style="background-color: inherit" class="hierarchy"/><img src="tbl_vjoin.png" alt="." style="background-color: inherit" class="hierarchy"/><img src="icon-q-coding.png" alt="." style="background-color: #F7F7F7; background-color: inherit" title="Coding" class="hierarchy"/> d210</td><td style="vertical-align: top; text-align : left; background-color: #F7F7F7; border: 1px #F0F0F0 solid; padding:0px 4px 0px 4px" class="hierarchy">Ondernemen van een enkelvoudige taak</td><td style="vertical-align: top; text-align : left; background-color: #F7F7F7; border: 1px #F0F0F0 solid; padding:0px 4px 0px 4px" class="hierarchy">0..1</td><td style="vertical-align: top; text-align : left; background-color: #F7F7F7; border: 1px #F0F0F0 solid; padding:0px 4px 0px 4px" class="hierarchy"><a href="http://hl7.org/fhir/R4/codesystem-item-type.html#coding">coding</a></td><td style="vertical-align: top; text-align : left; background-color: #F7F7F7; border: 1px #F0F0F0 solid; padding:0px 4px 0px 4px" class="hierarchy">Options: <a href="null#item.d210">7 options</a></td></tr>
<tr style="border: 1px #F0F0F0 solid; padding:0px; vertical-align: top; background-color: white"><td style="vertical-align: top; text-align : left; background-color: white; border: 1px #F0F0F0 solid; padding:0px 4px 0px 4px; white-space: nowrap; background-image: url(tbl_bck10.png)" class="hierarchy"><img src="tbl_spacer.png" alt="." style="background-color: inherit" class="hierarchy"/><img src="tbl_vjoin.png" alt="." style="background-color: inherit" class="hierarchy"/><img src="icon-q-coding.png" alt="." style="background-color: white; background-color: inherit" title="Coding" class="hierarchy"/> d240</td><td style="vertical-align: top; text-align : left; background-color: white; border: 1px #F0F0F0 solid; padding:0px 4px 0px 4px" class="hierarchy">Omgaan met stress en andere mentale eisen</td><td style="vertical-align: top; text-align : left; background-color: white; border: 1px #F0F0F0 solid; padding:0px 4px 0px 4px" class="hierarchy">0..1</td><td style="vertical-align: top; text-align : left; background-color: white; border: 1px #F0F0F0 solid; padding:0px 4px 0px 4px" class="hierarchy"><a href="http://hl7.org/fhir/R4/codesystem-item-type.html#coding">coding</a></td><td style="vertical-align: top; text-align : left; background-color: white; border: 1px #F0F0F0 solid; padding:0px 4px 0px 4px" class="hierarchy">Options: <a href="null#item.d240">7 options</a></td></tr>
<tr style="border: 1px #F0F0F0 solid; padding:0px; vertical-align: top; background-color: #F7F7F7"><td style="vertical-align: top; text-align : left; background-color: #F7F7F7; border: 1px #F0F0F0 solid; padding:0px 4px 0px 4px; white-space: nowrap; background-image: url(tbl_bck00.png)" class="hierarchy"><img src="tbl_spacer.png" alt="." style="background-color: inherit" class="hierarchy"/><img src="tbl_vjoin_end.png" alt="." style="background-color: inherit" class="hierarchy"/><img src="icon-q-coding.png" alt="." style="background-color: #F7F7F7; background-color: inherit" title="Coding" class="hierarchy"/> d4751</td><td style="vertical-align: top; text-align : left; background-color: #F7F7F7; border: 1px #F0F0F0 solid; padding:0px 4px 0px 4px" class="hierarchy">Besturen van gemotoriseerde voertuigen</td><td style="vertical-align: top; text-align : left; background-color: #F7F7F7; border: 1px #F0F0F0 solid; padding:0px 4px 0px 4px" class="hierarchy">0..1</td><td style="vertical-align: top; text-align : left; background-color: #F7F7F7; border: 1px #F0F0F0 solid; padding:0px 4px 0px 4px" class="hierarchy"><a href="http://hl7.org/fhir/R4/codesystem-item-type.html#coding">coding</a></td><td style="vertical-align: top; text-align : left; background-color: #F7F7F7; border: 1px #F0F0F0 solid; padding:0px 4px 0px 4px" class="hierarchy">Options: <a href="null#item.d4751">7 options</a></td></tr>
<tr><td colspan="5" class="hierarchy"><br/><a href="http://hl7.org/fhir/R4/formats.html#table" title="Legend for this format"><img src="http://hl7.org/fhir/R4/help16.png" alt="doco" style="background-color: inherit"/> Documentation for this format</a></td></tr></table></div></text><url value="https://rarecare.world/fhir/Questionnaire/shwachman-diamond-syndrome"/><version value="0.1.0"/><title value="Vragenlijst participatie voor Shwachman Diamond Syndroom"/><status value="draft"/><subjectType value="Patient"/><date value="2021-06-11T11:22:34+02:00"/><item><linkId value="d210"/><text value="Ondernemen van een enkelvoudige taak"/><type value="choice"/><required value="false"/><answerOption><valueCoding><system value="http://hl7.org/fhir/sid/icf-nl"/><code value="d210.0"/><display value="Geen moeite"/></valueCoding></answerOption><answerOption><valueCoding><system value="http://hl7.org/fhir/sid/icf-nl"/><code value="d210.1"/><display value="Lichte moeite"/></valueCoding></answerOption><answerOption><valueCoding><system value="http://hl7.org/fhir/sid/icf-nl"/><code value="d210.2"/><display value="Matige moeite"/></valueCoding></answerOption><answerOption><valueCoding><system value="http://hl7.org/fhir/sid/icf-nl"/><code value="d210.3"/><display value="Ernstige moeite"/></valueCoding></answerOption><answerOption><valueCoding><system value="http://hl7.org/fhir/sid/icf-nl"/><code value="d210.4"/><display value="Volledige moeite"/></valueCoding></answerOption><answerOption><valueCoding><system value="http://hl7.org/fhir/sid/icf-nl"/><code value="d210.8"/><display value="niet gespecificeerd"/></valueCoding></answerOption><answerOption><valueCoding><system value="http://hl7.org/fhir/sid/icf-nl"/><code value="d210.9"/><display value="niet van toepassing"/></valueCoding></answerOption></item><item><linkId value="d240"/><text value="Omgaan met stress en andere mentale eisen"/><type value="choice"/><required value="false"/><answerOption><valueCoding><system value="http://hl7.org/fhir/sid/icf-nl"/><code value="d240.0"/><display value="Geen moeite"/></valueCoding></answerOption><answerOption><valueCoding><system value="http://hl7.org/fhir/sid/icf-nl"/><code value="d240.1"/><display value="Lichte moeite"/></valueCoding></answerOption><answerOption><valueCoding><system value="http://hl7.org/fhir/sid/icf-nl"/><code value="d240.2"/><display value="Matige moeite"/></valueCoding></answerOption><answerOption><valueCoding><system value="http://hl7.org/fhir/sid/icf-nl"/><code value="d240.3"/><display value="Ernstige moeite"/></valueCoding></answerOption><answerOption><valueCoding><system value="http://hl7.org/fhir/sid/icf-nl"/><code value="d240.4"/><display value="Volledige moeite"/></valueCoding></answerOption><answerOption><valueCoding><system value="http://hl7.org/fhir/sid/icf-nl"/><code value="d240.8"/><display value="niet gespecificeerd"/></valueCoding></answerOption><answerOption><valueCoding><system value="http://hl7.org/fhir/sid/icf-nl"/><code value="d240.9"/><display value="niet van toepassing"/></valueCoding></answerOption></item><item><linkId value="d4751"/><text value="Besturen van gemotoriseerde voertuigen"/><type value="choice"/><required value="false"/><answerOption><valueCoding><system value="http://hl7.org/fhir/sid/icf-nl"/><code value="d4751.0"/><display value="Geen moeite"/></valueCoding></answerOption><answerOption><valueCoding><system value="http://hl7.org/fhir/sid/icf-nl"/><code value="d4751.1"/><display value="Lichte moeite"/></valueCoding></answerOption><answerOption><valueCoding><system value="http://hl7.org/fhir/sid/icf-nl"/><code value="d4751.2"/><display value="Matige moeite"/></valueCoding></answerOption><answerOption><valueCoding><system value="http://hl7.org/fhir/sid/icf-nl"/><code value="d4751.3"/><display value="Ernstige moeite"/></valueCoding></answerOption><answerOption><valueCoding><system value="http://hl7.org/fhir/sid/icf-nl"/><code value="d4751.4"/><display value="Volledige moeite"/></valueCoding></answerOption><answerOption><valueCoding><system value="http://hl7.org/fhir/sid/icf-nl"/><code value="d4751.8"/><display value="niet gespecificeerd"/></valueCoding></answerOption><answerOption><valueCoding><system value="http://hl7.org/fhir/sid/icf-nl"/><code value="d4751.9"/><display value="niet van toepassing"/></valueCoding></answerOption></item></Questionnaire>