<?xml version="1.0" encoding="UTF-8"?>

<ActivityDefinition xmlns="http://hl7.org/fhir">
  <id value="act-neutrophils-in-blood"/>
  <meta>
    <profile value="http://rarecare.world/fhir/StructureDefinition/lab-activity"/>
  </meta>
  <text>
    <status value="generated"/><div xmlns="http://www.w3.org/1999/xhtml"><p><b>Generated Narrative</b></p><p><b>url</b>: <code>https://rarecare.world/751-8</code></p><p><b>version</b>: 0.1.0</p><p><b>status</b>: draft</p><p><b>date</b>: 27-May-2021 16:06:45</p><p><b>description</b>: Neutrophils in blood measurement</p><p><b>kind</b>: ServiceRequest</p><p><b>code</b>: <span title="Codes: {http://loinc.org 751-8}">Neutrophils in blood</span></p><p><b>observationRequirement</b>: <a href="#loinc-751-8">#loinc-751-8</a></p></div>
  </text>
  <url value="https://rarecare.world/751-8"/>
  <version value="0.1.0"/>
  <status value="draft"/>
  <date value="2021-05-27T16:06:45+02:00"/>
  <description value="Neutrophils in blood measurement"/>
  <kind value="ServiceRequest"/>
  <code>
    <coding>
      <system value="http://loinc.org"/>
      <code value="751-8"/>
      <display value="Neutrophils in blood"/>
    </coding>
  </code>
  <observationRequirement>
    <reference value="#loinc-751-8"/>
  </observationRequirement>
</ActivityDefinition>