<?xml version="1.0" encoding="UTF-8"?>

<ActivityDefinition xmlns="http://hl7.org/fhir">
  <id value="act-retinol-in-serum-plasma"/>
  <meta>
    <profile value="http://rarecare.world/fhir/StructureDefinition/lab-activity"/>
  </meta>
  <text>
    <status value="generated"/><div xmlns="http://www.w3.org/1999/xhtml"><p><b>Generated Narrative</b></p><p><b>url</b>: <code>https://rarecare.world/fhir/LabActivityDefinition/14905-4</code></p><p><b>version</b>: 0.1.0</p><p><b>status</b>: draft</p><p><b>date</b>: 11-Jun-2021 11:22:34</p><p><b>description</b>: Retinol (Vitamin A) in serum/plasma</p><p><b>kind</b>: ServiceRequest</p><p><b>code</b>: <span title="Codes: {http://loinc.org 751-8}">Retinol (Vitamin A) in serum/plasma</span></p><p><b>observationRequirement</b>: <a href="#loinc-14905-4

">#loinc-14905-4

</a></p></div>
  </text>
  <url value="https://rarecare.world/fhir/LabActivityDefinition/14905-4"/>
  <version value="0.1.0"/>
  <status value="draft"/>
  <date value="2021-06-11T11:22:34+02:00"/>
  <description value="Retinol (Vitamin A) in serum/plasma"/>
  <kind value="ServiceRequest"/>
  <code>
    <coding>
      <system value="http://loinc.org"/>
      <code value="751-8"/>
      <display value="Retinol (Vitamin A) in serum/plasma"/>
    </coding>
  </code>
  <observationRequirement>
    <reference value="#loinc-14905-4&#xD;&#xA;&#xD;&#xA;"/>
  </observationRequirement>
</ActivityDefinition>