<?xml version="1.0" encoding="UTF-8"?>

<ActivityDefinition xmlns="http://hl7.org/fhir">
  <id value="act-pancreatine"/>
  <meta>
    <profile value="http://rarecare.world/fhir/StructureDefinition/med-activity"/>
  </meta>
  <text>
    <status value="generated"/><div xmlns="http://www.w3.org/1999/xhtml"><p><b>Generated Narrative</b></p><p><b>url</b>: <code>https://rarecare.world/fhir/MedActivityDefinition/A09AA02</code></p><p><b>version</b>: 0.1.0</p><p><b>status</b>: draft</p><p><b>date</b>: 11-Jun-2021 11:22:34</p><p><b>description</b>: Pancreatine</p><p><b>kind</b>: MedicationRequest</p><p><b>code</b>: <span title="Codes: {http://www.whocc.no/atc A09AA02}">MULTI-ENZYMEN (LIPASE, PROTEASE, ENZ)</span></p></div>
  </text>
  <url value="https://rarecare.world/fhir/MedActivityDefinition/A09AA02"/>
  <version value="0.1.0"/>
  <status value="draft"/>
  <date value="2021-06-11T11:22:34+02:00"/>
  <description value="Pancreatine"/>
  <kind value="MedicationRequest"/>
  <code>
    <coding>
      <system value="http://www.whocc.no/atc"/>
      <code value="A09AA02"/>
      <display value="MULTI-ENZYMEN (LIPASE, PROTEASE, ENZ)"/>
    </coding>
  </code>
</ActivityDefinition>