<?xml version="1.0" encoding="UTF-8"?>

<ObservationDefinition xmlns="http://hl7.org/fhir">
  <id value="obs-neutrophils-in-blood"/>
  <text>
    <status value="generated"/><div xmlns="http://www.w3.org/1999/xhtml"><p><b>Generated Narrative</b></p><p><b>code</b>: <span title="Codes: {http://loinc.org 751-8}">Neutrophils in blood</span></p></div>
  </text>
  <code>
    <coding>
      <system value="http://loinc.org"/>
      <code value="751-8"/>
      <display value="Neutrophils in blood"/>
    </coding>
  </code>
</ObservationDefinition>