<?xml version="1.0" encoding="UTF-8"?>

<ObservationDefinition xmlns="http://hl7.org/fhir">
  <id value="obs-retinol-in-serum-plasma"/>
  <meta>
    <profile value="http://rarecare.world/fhir/StructureDefinition/lab-observation"/>
  </meta>
  <text>
    <status value="generated"/><div xmlns="http://www.w3.org/1999/xhtml"><p><b>Generated Narrative: ObservationDefinition</b><a name="obs-retinol-in-serum-plasma"> </a></p><div style="display: inline-block; background-color: #d9e0e7; padding: 6px; margin: 4px; border: 1px solid #8da1b4; border-radius: 5px; line-height: 60%"><p style="margin-bottom: 0px">Resource ObservationDefinition "obs-retinol-in-serum-plasma" </p><p style="margin-bottom: 0px">Profile: <a href="StructureDefinition-lab-observation.html">Lab Test Observation</a></p></div><p><b>code</b>: Retinol (Vitamin A) in serum/plasma <span style="background: LightGoldenRodYellow; margin: 4px; border: 1px solid khaki"> (<a href="https://loinc.org/">LOINC</a>#751-8)</span></p></div>
  </text>
  <code>
    <coding>
      <system value="http://loinc.org"/>
      <code value="751-8"/>
      <display value="Retinol (Vitamin A) in serum/plasma"/>
    </coding>
  </code>
</ObservationDefinition>