<?xml version="1.0" encoding="UTF-8"?>

<PlanDefinition xmlns="http://hl7.org/fhir">
  <id value="plan-pancreas-insufficiency"/>
  <meta>
    <profile value="http://rarecare.world/fhir/StructureDefinition/disease-plan"/>
  </meta>
  <text>
    <status value="generated"/><div xmlns="http://www.w3.org/1999/xhtml"><p><b>Generated Narrative</b></p><p><b>url</b>: <code>https://rarecare.world/fhir/PlanDefinition/pancreas-insufficiency</code></p><p><b>version</b>: 0.1.0</p><p><b>title</b>: Pancreas Insufficiëntie</p><p><b>type</b>: <span title="Codes: {http://terminology.hl7.org/CodeSystem/plan-definition-type clinical-protocol}">Clinical Protocol</span></p><p><b>status</b>: draft</p><p><b>subject</b>: <span title="Codes: {http://hl7.org/fhir/resource-types Patient}">Patient</span></p><p><b>date</b>: 2021-01-14</p><p><b>publisher</b>: Stichting Rare Care World</p><p><b>description</b>: Pancreas Insufficiëntie management plan.</p><p><b>topic</b>: <span title="Codes: {http://terminology.hl7.org/CodeSystem/definition-topic treatment}">Treatment</span></p><h3>RelatedArtifacts</h3><table class="grid"><tr><td>-</td></tr><tr><td>*</td></tr></table><h3>Goals</h3><table class="grid"><tr><td>-</td><td><b>Description</b></td><td><b>Addresses</b></td></tr><tr><td>*</td><td><span title="Codes: ">Pancreas Insufficiëntie management</span></td><td><span title="Codes: {http://hl7.org/fhir/sid/icd-10 K86.81}">Exocrine pancreatic insufficiency</span></td></tr></table><blockquote><p><b>action</b></p><p><b>title</b>: Retinol (Vitamin A) in serum/plasma</p><p><b>definition</b>: <a href="https://rarecare.world/fhir/LabActivityDefinition/14905-4">https://rarecare.world/fhir/LabActivityDefinition/14905-4</a></p></blockquote><blockquote><p><b>action</b></p><p><b>title</b>: Calcidiol (25-hydroxy-Vitamin D3) in serum/plasma</p><p><b>definition</b>: <a href="https://rarecare.world/fhir/LabActivityDefinition/14635-7">https://rarecare.world/fhir/LabActivityDefinition/14635-7</a></p></blockquote><blockquote><p><b>action</b></p><p><b>title</b>: Calcidiol (25-hydroxy-Vitamin D3) in serum/plasma</p><p><b>definition</b>: <a href="https://rarecare.world/fhir/LabActivityDefinition/14635-7">https://rarecare.world/fhir/LabActivityDefinition/14635-7</a></p></blockquote></div>
  </text>
  <url value="https://rarecare.world/fhir/PlanDefinition/pancreas-insufficiency"/>
  <version value="0.1.0"/>
  <title value="Pancreas Insuffici&#xEB;ntie"/>
  <type>
    <coding>
      <system value="http://terminology.hl7.org/CodeSystem/plan-definition-type"/>
      <code value="clinical-protocol"/>
    </coding>
  </type>
  <status value="draft"/>
  <subjectCodeableConcept>
    <coding>
      <system value="http://hl7.org/fhir/resource-types"/>
      <code value="Patient"/>
    </coding>
  </subjectCodeableConcept>
  <date value="2021-01-14"/>
  <publisher value="Stichting Rare Care World"/>
  <description value="Pancreas Insuffici&#xEB;ntie management plan."/>
  <topic>
    <coding>
      <system value="http://terminology.hl7.org/CodeSystem/definition-topic"/>
      <code value="treatment"/>
    </coding>
  </topic>
  <relatedArtifact>
    <type value="documentation"/>
    <url value="https://rarecare.world/disease/pancreas-insufficiency"/>
  </relatedArtifact>
  <goal>
    <description>
      <text value="Pancreas Insuffici&#xEB;ntie management"/>
    </description>
    <addresses>
      <coding>
        <system value="http://hl7.org/fhir/sid/icd-10"/>
        <code value="K86.81"/>
        <display value="Exocrine pancreatic insufficiency"/>
      </coding>
    </addresses>
  </goal>
  <action>
    <title value="Retinol (Vitamin A) in serum/plasma"/>
    <definitionCanonical value="https://rarecare.world/fhir/LabActivityDefinition/14905-4"/>
  </action>
  <action>
    <title value="Calcidiol (25-hydroxy-Vitamin D3) in serum/plasma"/>
    <definitionCanonical value="https://rarecare.world/fhir/LabActivityDefinition/14635-7"/>
  </action>
  <action>
    <title value="Calcidiol (25-hydroxy-Vitamin D3) in serum/plasma"/>
    <definitionCanonical value="https://rarecare.world/fhir/LabActivityDefinition/14635-7"/>
  </action>
</PlanDefinition>