<?xml version="1.0" encoding="UTF-8"?>

<PlanDefinition xmlns="http://hl7.org/fhir">
  <id value="plan-sds"/>
  <meta>
    <profile value="http://rarecare.world/fhir/StructureDefinition/rare-care-plan"/>
  </meta>
  <text>
    <status value="generated"/><div xmlns="http://www.w3.org/1999/xhtml"><p><b>Generated Narrative</b></p><p><b>url</b>: <code>https://rarecare.world/fhir/PlanDefinition/shwachman-diamond-syndrome</code></p><p><b>version</b>: 0.1.0</p><p><b>title</b>: Shwachman Diamond Syndrome Management</p><p><b>type</b>: <span title="Codes: {http://terminology.hl7.org/CodeSystem/plan-definition-type clinical-protocol}">Clinical Protocol</span></p><p><b>status</b>: draft</p><p><b>subject</b>: <span title="Codes: {http://hl7.org/fhir/resource-types Patient}">Patient</span></p><p><b>date</b>: 2021-01-14</p><p><b>publisher</b>: Stichting Rare Care World</p><p><b>description</b>: Shwachman Diamond Syndrome management plan.</p><p><b>topic</b>: <span title="Codes: {http://terminology.hl7.org/CodeSystem/definition-topic treatment}">Treatment</span></p><h3>RelatedArtifacts</h3><table class="grid"><tr><td>-</td></tr><tr><td>*</td></tr></table><h3>Goals</h3><table class="grid"><tr><td>-</td><td><b>Description</b></td><td><b>Addresses</b></td></tr><tr><td>*</td><td><span title="Codes: ">Shwachman Diamond Syndrome management</span></td><td><span title="Codes: {http://www.orpha.net ORPHA:811}">Shwachman-Diamond syndrome</span></td></tr></table><blockquote><p><b>action</b></p><p><b>title</b>: Neutropenia</p><p><b>definition</b>: <a href="https://rarecare.world/fhir/PlanDefinition/neutropenia">https://rarecare.world/fhir/PlanDefinition/neutropenia</a></p></blockquote><blockquote><p><b>action</b></p><p><b>title</b>: Pancreas Insufficiency</p><p><b>definition</b>: <a href="https://rarecare.world/fhir/PlanDefinition/pancreas-insufficiency">https://rarecare.world/fhir/PlanDefinition/pancreas-insufficiency</a></p></blockquote><blockquote><p><b>action</b></p><p><b>title</b>: Developmental disability</p><p><b>definition</b>: <a href="https://rarecare.world/fhir/PlanDefinition/developmental-disability">https://rarecare.world/fhir/PlanDefinition/developmental-disability</a></p></blockquote><blockquote><p><b>action</b></p><p><b>title</b>: Vragenlijst participatie voor Shwachman Diamond Syndroom</p><p><b>definition</b>: <a href="https://rarecare.world/fhir/Questionnaire/shwachman-diamond-syndrome">https://rarecare.world/fhir/Questionnaire/shwachman-diamond-syndrome</a></p></blockquote></div>
  </text>
  <url value="https://rarecare.world/fhir/PlanDefinition/shwachman-diamond-syndrome"/>
  <version value="0.1.0"/>
  <title value="Shwachman Diamond Syndrome Management"/>
  <type>
    <coding>
      <system value="http://terminology.hl7.org/CodeSystem/plan-definition-type"/>
      <code value="clinical-protocol"/>
    </coding>
  </type>
  <status value="draft"/>
  <subjectCodeableConcept>
    <coding>
      <system value="http://hl7.org/fhir/resource-types"/>
      <code value="Patient"/>
    </coding>
  </subjectCodeableConcept>
  <date value="2021-01-14"/>
  <publisher value="Stichting Rare Care World"/>
  <description value="Shwachman Diamond Syndrome management plan."/>
  <topic>
    <coding>
      <system value="http://terminology.hl7.org/CodeSystem/definition-topic"/>
      <code value="treatment"/>
    </coding>
  </topic>
  <relatedArtifact>
    <type value="justification"/>
    <url value="https://rarecare.world/patient-organisation/shwachman-syndrome-support-holland"/>
  </relatedArtifact>
  <goal>
    <description>
      <text value="Shwachman Diamond Syndrome management"/>
    </description>
    <addresses>
      <coding>
        <system value="http://www.orpha.net"/>
        <code value="ORPHA:811"/>
        <display value="Shwachman-Diamond syndrome"/>
      </coding>
    </addresses>
  </goal>
  <action>
    <title value="Neutropenia"/>
    <definitionCanonical value="https://rarecare.world/fhir/PlanDefinition/neutropenia"/>
  </action>
  <action>
    <title value="Pancreas Insufficiency"/>
    <definitionCanonical value="https://rarecare.world/fhir/PlanDefinition/pancreas-insufficiency"/>
  </action>
  <action>
    <title value="Developmental disability"/>
    <definitionCanonical value="https://rarecare.world/fhir/PlanDefinition/developmental-disability"/>
  </action>
  <action>
    <title value="Vragenlijst participatie voor Shwachman Diamond Syndroom"/>
    <definitionCanonical value="https://rarecare.world/fhir/Questionnaire/shwachman-diamond-syndrome"/>
  </action>
</PlanDefinition>