<?xml version="1.0" encoding="UTF-8"?><Bundle xmlns="http://hl7.org/fhir"><type value="collection"/><entry><resource><OperationOutcome><issue><extension url="http://hl7.org/fhir/StructureDefinition/operationoutcome-issue-source"><valueCode value="Publisher"/></extension><severity value="error"/><code value="not-found"/><details><text value="The image source &#39;Rare%20Care%208.png&#39; cannot be resolved"/></details><expression value="C:\Users\marcd\Dropbox\development\Rarecare-FHIR-IG\output\index.html#/html/body/div/div/div/div/div/p/img at Line 163, column 2"/></issue></OperationOutcome></resource></entry><entry><resource><OperationOutcome><extension url="http://hl7.org/fhir/StructureDefinition/operationoutcome-file"><valueString value="C:\Users\marcd\Dropbox\development\Rarecare-FHIR-IG\fsh-generated\resources\ImplementationGuide-rarecare.world"/></extension><issue><extension url="http://hl7.org/fhir/StructureDefinition/operationoutcome-issue-source"><valueCode value="InstanceValidator"/></extension><severity value="information"/><code value="informational"/><details><text value="Validate resource against profile http://hl7.org/fhir/StructureDefinition/ImplementationGuide"/></details><expression value="ImplementationGuide/rarecare.world: ImplementationGuide"/></issue></OperationOutcome></resource></entry><entry><resource><OperationOutcome><extension url="http://hl7.org/fhir/StructureDefinition/operationoutcome-file"><valueString value="C:\Users\marcd\Dropbox\development\Rarecare-FHIR-IG\fsh-generated\resources\activitydefinition-act-neutrophils-in-blood"/></extension><issue><extension url="http://hl7.org/fhir/StructureDefinition/operationoutcome-issue-source"><valueCode value="InstanceValidator"/></extension><severity value="information"/><code value="informational"/><details><text value="Validate resource against profile http://hl7.org/fhir/StructureDefinition/ActivityDefinition"/></details><expression value="ActivityDefinition/act-neutrophils-in-blood: ActivityDefinition"/></issue><issue><extension url="http://hl7.org/fhir/StructureDefinition/operationoutcome-issue-source"><valueCode value="InstanceValidator"/></extension><severity value="warning"/><code value="invariant"/><details><text value="adf-0: &#39;Name should be usable as an identifier for the module by machine processing applications such as code generation&#39; Rule &#39;Name should be usable as an identifier for the module by machine processing applications such as code generation&#39; Failed"/></details><expression value="ActivityDefinition/act-neutrophils-in-blood: ActivityDefinition"/></issue><issue><extension url="http://hl7.org/fhir/StructureDefinition/operationoutcome-issue-source"><valueCode value="TerminologyEngine"/></extension><severity value="warning"/><code value="code-invalid"/><details><text value="The display &quot;Neutrophils in blood&quot; is not a valid display for the code {http://loinc.org}751-8 - should be one of [&quot;Neutrophils [#/volume] in Blood by Automated count&quot;,&quot;Neutrophils # Bld Auto&quot;] (from http://tx.fhir.org/r4) for &#39;http://loinc.org#751-8&#39;"/></details><expression value="ActivityDefinition/act-neutrophils-in-blood: ActivityDefinition.code.coding[0]"/></issue><issue><extension url="http://hl7.org/fhir/StructureDefinition/operationoutcome-issue-source"><valueCode value="InstanceValidator"/></extension><severity value="error"/><code value="structure"/><details><text value="Unable to resolve resource &#39;#loinc-751-8&#39;"/></details><expression value="ActivityDefinition/act-neutrophils-in-blood: ActivityDefinition.observationRequirement[0]"/></issue><issue><extension url="http://hl7.org/fhir/StructureDefinition/operationoutcome-issue-source"><valueCode value="InstanceValidator"/></extension><severity value="error"/><code value="invariant"/><details><text value="ref-1: &#39;SHALL have a contained resource if a local reference is provided&#39; &#39;SHALL have a contained resource if a local reference is provided&#39; ( (url: loinc-751-8; ids: ))"/></details><expression value="ActivityDefinition/act-neutrophils-in-blood: ActivityDefinition.observationRequirement[0]"/></issue><issue><extension url="http://hl7.org/fhir/StructureDefinition/operationoutcome-issue-source"><valueCode value="InstanceValidator"/></extension><severity value="information"/><code value="informational"/><details><text value="Validate resource against profile http://rarecare.world/fhir/StructureDefinition/lab-activity - listed in meta"/></details><expression value="ActivityDefinition/act-neutrophils-in-blood: ActivityDefinition"/></issue></OperationOutcome></resource></entry><entry><resource><OperationOutcome><extension url="http://hl7.org/fhir/StructureDefinition/operationoutcome-file"><valueString value="C:\Users\marcd\Dropbox\development\Rarecare-FHIR-IG\fsh-generated\resources\observationdefinition-obs-neutrophils-in-blood"/></extension><issue><extension url="http://hl7.org/fhir/StructureDefinition/operationoutcome-issue-line"><valueInteger value="1"/></extension><extension url="http://hl7.org/fhir/StructureDefinition/operationoutcome-issue-col"><valueInteger value="2"/></extension><extension url="http://hl7.org/fhir/StructureDefinition/operationoutcome-issue-source"><valueCode value="InstanceValidator"/></extension><severity value="information"/><code value="informational"/><details><text value="Validate resource against profile http://hl7.org/fhir/StructureDefinition/ObservationDefinition"/></details><expression value="ObservationDefinition/obs-neutrophils-in-blood: ObservationDefinition"/></issue><issue><extension url="http://hl7.org/fhir/StructureDefinition/operationoutcome-issue-line"><valueInteger value="6"/></extension><extension url="http://hl7.org/fhir/StructureDefinition/operationoutcome-issue-col"><valueInteger value="8"/></extension><extension url="http://hl7.org/fhir/StructureDefinition/operationoutcome-issue-source"><valueCode value="TerminologyEngine"/></extension><severity value="warning"/><code value="code-invalid"/><details><text value="The display &quot;Neutrophils in blood&quot; is not a valid display for the code {http://loinc.org}751-8 - should be one of [&quot;Neutrophils [#/volume] in Blood by Automated count&quot;,&quot;Neutrophils # Bld Auto&quot;] (from http://tx.fhir.org/r4) for &#39;http://loinc.org#751-8&#39;"/></details><expression value="ObservationDefinition/obs-neutrophils-in-blood: ObservationDefinition.code.coding[0]"/></issue></OperationOutcome></resource></entry><entry><resource><OperationOutcome><extension url="http://hl7.org/fhir/StructureDefinition/operationoutcome-file"><valueString value="C:\Users\marcd\Dropbox\development\Rarecare-FHIR-IG\fsh-generated\resources\plandefinition-plan-neutropenia"/></extension><issue><extension url="http://hl7.org/fhir/StructureDefinition/operationoutcome-issue-source"><valueCode value="InstanceValidator"/></extension><severity value="information"/><code value="informational"/><details><text value="Validate resource against profile http://hl7.org/fhir/StructureDefinition/PlanDefinition"/></details><expression value="PlanDefinition/plan-neutropenia: PlanDefinition"/></issue><issue><extension url="http://hl7.org/fhir/StructureDefinition/operationoutcome-issue-source"><valueCode value="InstanceValidator"/></extension><severity value="warning"/><code value="invariant"/><details><text value="pdf-0: &#39;Name should be usable as an identifier for the module by machine processing applications such as code generation&#39; Rule &#39;Name should be usable as an identifier for the module by machine processing applications such as code generation&#39; Failed"/></details><expression value="PlanDefinition/plan-neutropenia: PlanDefinition"/></issue><issue><extension url="http://hl7.org/fhir/StructureDefinition/operationoutcome-issue-source"><valueCode value="TerminologyEngine"/></extension><severity value="error"/><code value="code-invalid"/><details><text value="Code &quot;D70.9&quot; not found; The code &quot;D70.9&quot; is not valid in the system http://hl7.org/fhir/sid/icd-10; The code provided (http://hl7.org/fhir/sid/icd-10#D70.9) is not valid in the value set &#39;All codes known to the system&#39; (from http://tx.fhir.org/r4) for &#39;http://hl7.org/fhir/sid/icd-10#D70.9&#39;"/></details><expression value="PlanDefinition/plan-neutropenia: PlanDefinition.goal[0].addresses[0].coding[0]"/></issue><issue><extension url="http://hl7.org/fhir/StructureDefinition/operationoutcome-issue-source"><valueCode value="InstanceValidator"/></extension><severity value="error"/><code value="structure"/><details><text value="Canonical URLs must be absolute URLs if they are not fragment references (act-neutrophils-in-blood) "/></details><expression value="PlanDefinition/plan-neutropenia: PlanDefinition.action[0].definition.ofType(canonical)"/></issue><issue><extension url="http://hl7.org/fhir/StructureDefinition/operationoutcome-issue-source"><valueCode value="InstanceValidator"/></extension><severity value="information"/><code value="informational"/><details><text value="Validate resource against profile http://rarecare.world/fhir/StructureDefinition/disease-plan - listed in meta"/></details><expression value="PlanDefinition/plan-neutropenia: PlanDefinition"/></issue></OperationOutcome></resource></entry><entry><resource><OperationOutcome><extension url="http://hl7.org/fhir/StructureDefinition/operationoutcome-file"><valueString value="C:\Users\marcd\Dropbox\development\Rarecare-FHIR-IG\fsh-generated\resources\plandefinition-plan-sds"/></extension><issue><extension url="http://hl7.org/fhir/StructureDefinition/operationoutcome-issue-source"><valueCode value="InstanceValidator"/></extension><severity value="information"/><code value="informational"/><details><text value="Validate resource against profile http://hl7.org/fhir/StructureDefinition/PlanDefinition"/></details><expression value="PlanDefinition/plan-sds: PlanDefinition"/></issue><issue><extension url="http://hl7.org/fhir/StructureDefinition/operationoutcome-issue-source"><valueCode value="InstanceValidator"/></extension><severity value="warning"/><code value="invariant"/><details><text value="pdf-0: &#39;Name should be usable as an identifier for the module by machine processing applications such as code generation&#39; Rule &#39;Name should be usable as an identifier for the module by machine processing applications such as code generation&#39; Failed"/></details><expression value="PlanDefinition/plan-sds: PlanDefinition"/></issue><issue><extension url="http://hl7.org/fhir/StructureDefinition/operationoutcome-issue-source"><valueCode value="InstanceValidator"/></extension><severity value="information"/><code value="informational"/><details><text value="Validate resource against profile http://rarecare.world/fhir/StructureDefinition/rare-care-plan - listed in meta"/></details><expression value="PlanDefinition/plan-sds: PlanDefinition"/></issue></OperationOutcome></resource></entry><entry><resource><OperationOutcome><extension url="http://hl7.org/fhir/StructureDefinition/operationoutcome-file"><valueString value="C:\Users\marcd\Dropbox\development\Rarecare-FHIR-IG\fsh-generated\resources\structuredefinition-disease-plan"/></extension><issue><extension url="http://hl7.org/fhir/StructureDefinition/operationoutcome-issue-source"><valueCode value="InstanceValidator"/></extension><severity value="information"/><code value="informational"/><details><text value="Validate resource against profile http://hl7.org/fhir/StructureDefinition/StructureDefinition"/></details><expression value="StructureDefinition/disease-plan: StructureDefinition"/></issue></OperationOutcome></resource></entry><entry><resource><OperationOutcome><extension url="http://hl7.org/fhir/StructureDefinition/operationoutcome-file"><valueString value="C:\Users\marcd\Dropbox\development\Rarecare-FHIR-IG\fsh-generated\resources\structuredefinition-lab-activity"/></extension><issue><extension url="http://hl7.org/fhir/StructureDefinition/operationoutcome-issue-source"><valueCode value="InstanceValidator"/></extension><severity value="information"/><code value="informational"/><details><text value="Validate resource against profile http://hl7.org/fhir/StructureDefinition/StructureDefinition"/></details><expression value="StructureDefinition/lab-activity: StructureDefinition"/></issue><issue><extension url="http://hl7.org/fhir/StructureDefinition/operationoutcome-issue-source"><valueCode value="InstanceValidator"/></extension><severity value="error"/><code value="structure"/><details><text value="Unable to resolve resource &#39;LabObservationDefinition&#39;"/></details><expression value="StructureDefinition/lab-activity: StructureDefinition.snapshot.element[57].pattern.ofType(Reference)"/></issue><issue><extension url="http://hl7.org/fhir/StructureDefinition/operationoutcome-issue-source"><valueCode value="InstanceValidator"/></extension><severity value="error"/><code value="structure"/><details><text value="Unable to resolve resource &#39;LabObservationDefinition&#39;"/></details><expression value="StructureDefinition/lab-activity: StructureDefinition.differential.element[2].pattern.ofType(Reference)"/></issue></OperationOutcome></resource></entry><entry><resource><OperationOutcome><extension url="http://hl7.org/fhir/StructureDefinition/operationoutcome-file"><valueString value="C:\Users\marcd\Dropbox\development\Rarecare-FHIR-IG\fsh-generated\resources\structuredefinition-lab-observation"/></extension><issue><extension url="http://hl7.org/fhir/StructureDefinition/operationoutcome-issue-source"><valueCode value="InstanceValidator"/></extension><severity value="information"/><code value="informational"/><details><text value="Validate resource against profile http://hl7.org/fhir/StructureDefinition/StructureDefinition"/></details><expression value="StructureDefinition/lab-observation: StructureDefinition"/></issue><issue><extension url="http://hl7.org/fhir/StructureDefinition/operationoutcome-issue-source"><valueCode value="InstanceValidator"/></extension><severity value="error"/><code value="business-rule"/><details><text value="The valueSet reference http://loinc.org on element ObservationDefinition.code points to something that is not a value set (CodeSystem) "/></details><expression value="StructureDefinition/lab-observation: StructureDefinition.differential.element[1].binding"/></issue><issue><extension url="http://hl7.org/fhir/StructureDefinition/operationoutcome-issue-source"><valueCode value="InstanceValidator"/></extension><severity value="error"/><code value="business-rule"/><details><text value="The valueSet reference http://loinc.org on element ObservationDefinition.code points to something that is not a value set (CodeSystem) "/></details><expression value="StructureDefinition/lab-observation: StructureDefinition.snapshot.element[10].binding"/></issue><issue><extension url="http://hl7.org/fhir/StructureDefinition/operationoutcome-issue-source"><valueCode value="Publisher"/></extension><severity value="warning"/><code value="business-rule"/><details><text value="The Implementation Guide contains no examples for this profile"/></details><expression value="StructureDefinition.where(url = &#39;http://rarecare.world/fhir/StructureDefinition/lab-observation&#39;)"/></issue></OperationOutcome></resource></entry><entry><resource><OperationOutcome><extension url="http://hl7.org/fhir/StructureDefinition/operationoutcome-file"><valueString value="C:\Users\marcd\Dropbox\development\Rarecare-FHIR-IG\fsh-generated\resources\structuredefinition-rare-care-plan"/></extension><issue><extension url="http://hl7.org/fhir/StructureDefinition/operationoutcome-issue-source"><valueCode value="InstanceValidator"/></extension><severity value="information"/><code value="informational"/><details><text value="Validate resource against profile http://hl7.org/fhir/StructureDefinition/StructureDefinition"/></details><expression value="StructureDefinition/rare-care-plan: StructureDefinition"/></issue><issue><extension url="http://hl7.org/fhir/StructureDefinition/operationoutcome-issue-source"><valueCode value="InstanceValidator"/></extension><severity value="warning"/><code value="business-rule"/><details><text value="The valueSet reference http://www.orpha.net on element PlanDefinition.goal.addresses could not be resolved"/></details><expression value="StructureDefinition/rare-care-plan: StructureDefinition.differential.element[1].binding"/></issue><issue><extension url="http://hl7.org/fhir/StructureDefinition/operationoutcome-issue-source"><valueCode value="InstanceValidator"/></extension><severity value="warning"/><code value="business-rule"/><details><text value="The valueSet reference http://www.orpha.net on element PlanDefinition.goal.addresses could not be resolved"/></details><expression value="StructureDefinition/rare-care-plan: StructureDefinition.snapshot.element[47].binding"/></issue></OperationOutcome></resource></entry></Bundle>