<?xml version="1.0" encoding="UTF-8"?><PlanDefinition xmlns="http://hl7.org/fhir"><id value="plan-pancreas-insufficiency"/><meta><profile value="http://rarecare.world/fhir/StructureDefinition/disease-plan"/></meta><url value="https://rarecare.world/fhir/PlanDefinition/pancreas-insufficiency"/><version value="0.1.0"/><title value="Pancreas Insuffici&#xEB;ntie"/><type><coding><system value="http://terminology.hl7.org/CodeSystem/plan-definition-type"/><code value="clinical-protocol"/></coding></type><status value="draft"/><subjectCodeableConcept><coding><system value="http://hl7.org/fhir/resource-types"/><code value="Patient"/></coding></subjectCodeableConcept><date value="2021-01-14"/><publisher value="Stichting Rare Care World"/><description value="Pancreas Insuffici&#xEB;ntie management plan."/><topic><coding><system value="http://terminology.hl7.org/CodeSystem/definition-topic"/><code value="treatment"/></coding></topic><relatedArtifact><type value="documentation"/><url value="https://rarecare.world/disease/pancreas-insufficiency"/></relatedArtifact><goal><description><text value="Pancreas Insuffici&#xEB;ntie management"/></description><addresses><coding><system value="http://hl7.org/fhir/sid/icd-10"/><code value="K86.81"/><display value="Exocrine pancreatic insufficiency"/></coding></addresses></goal><action><title value="Retinol (Vitamin A) in serum/plasma"/><definitionCanonical value="https://rarecare.world/fhir/LabActivityDefinition/14905-4"/></action><action><title value="Calcidiol (25-hydroxy-Vitamin D3) in serum/plasma"/><definitionCanonical value="https://rarecare.world/fhir/LabActivityDefinition/14635-7"/></action><action><title value="Calcidiol (25-hydroxy-Vitamin D3) in serum/plasma"/><definitionCanonical value="https://rarecare.world/fhir/LabActivityDefinition/14635-7"/></action></PlanDefinition>