<?xml version="1.0" encoding="UTF-8"?>

<ActivityDefinition xmlns="http://hl7.org/fhir">
  <id value="act-calcidiol-in-serum-plasma"/>
  <meta>
    <profile value="http://rarecare.world/fhir/StructureDefinition/lab-activity"/>
  </meta>
  <text>
    <status value="generated"/><div xmlns="http://www.w3.org/1999/xhtml"><p><b>Generated Narrative</b></p><p><b>url</b>: <code>https://rarecare.world/fhir/LabActivityDefinition/14635-7</code></p><p><b>version</b>: 0.1.0</p><p><b>status</b>: draft</p><p><b>date</b>: 10-Jun-2021 14:46:22</p><p><b>description</b>: Calcidiol (25-hydroxy-Vitamin D3) in serum/plasma</p><p><b>kind</b>: ServiceRequest</p><p><b>code</b>: <span title="Codes: {http://loinc.org 14635-7}">Calcidiol (25-hydroxy-Vitamin D3) in serum/plasma</span></p><p><b>observationRequirement</b>: <a href="#loinc-14635-7">#loinc-14635-7</a></p></div>
  </text>
  <url value="https://rarecare.world/fhir/LabActivityDefinition/14635-7"/>
  <version value="0.1.0"/>
  <status value="draft"/>
  <date value="2021-06-10T14:46:22+02:00"/>
  <description value="Calcidiol (25-hydroxy-Vitamin D3) in serum/plasma"/>
  <kind value="ServiceRequest"/>
  <code>
    <coding>
      <system value="http://loinc.org"/>
      <code value="14635-7"/>
      <display value="Calcidiol (25-hydroxy-Vitamin D3) in serum/plasma"/>
    </coding>
  </code>
  <observationRequirement>
    <reference value="#loinc-14635-7"/>
  </observationRequirement>
</ActivityDefinition>