[
  {
    "id": "rarecare.world",
    "type": "ImplementationGuide",
    "url": "http://rarecare.world/fhir/ImplementationGuide/rarecare.world",
    "version": "0.1.0",
    "name": "RarecareFHIRIG"
  },
  {
    "id": "disease-plan",
    "type": "StructureDefinition",
    "url": "http://rarecare.world/fhir/StructureDefinition/disease-plan",
    "version": "0.1.0",
    "name": "DiseasePlanDefinition"
  },
  {
    "id": "functioning-questionnaire",
    "type": "StructureDefinition",
    "url": "http://rarecare.world/fhir/StructureDefinition/functioning-questionnaire",
    "version": "0.1.0",
    "name": "FunctioningQuestionnaire"
  },
  {
    "id": "lab-activity",
    "type": "StructureDefinition",
    "url": "http://rarecare.world/fhir/StructureDefinition/lab-activity",
    "version": "0.1.0",
    "name": "LabActivityDefinition"
  },
  {
    "id": "lab-observation",
    "type": "StructureDefinition",
    "url": "http://rarecare.world/fhir/StructureDefinition/lab-observation",
    "version": "0.1.0",
    "name": "LabObservationDefinition"
  },
  {
    "id": "med-activity",
    "type": "StructureDefinition",
    "url": "http://rarecare.world/fhir/StructureDefinition/med-activity",
    "version": "0.1.0",
    "name": "MedActivityDefinition"
  },
  {
    "id": "participation-questionnaire",
    "type": "StructureDefinition",
    "url": "http://rarecare.world/fhir/StructureDefinition/participation-questionnaire",
    "version": "0.1.0",
    "name": "ParticipationQuestionnaire"
  },
  {
    "id": "rare-care-plan",
    "type": "StructureDefinition",
    "url": "http://rarecare.world/fhir/StructureDefinition/rare-care-plan",
    "version": "0.1.0",
    "name": "RareCarePlanDefinition"
  },
  {
    "id": "icf-b-codes",
    "type": "ValueSet",
    "url": "http://rarecare.world/fhir/ValueSet/icf-b-codes",
    "version": "0.1.0",
    "name": "ICFBcodes"
  },
  {
    "id": "icf-d-codes",
    "type": "ValueSet",
    "url": "http://rarecare.world/fhir/ValueSet/icf-d-codes",
    "version": "0.1.0",
    "name": "ICFDcodes"
  },
  {
    "id": "act-calcidiol-in-serum-plasma",
    "type": "ActivityDefinition",
    "url": "https://rarecare.world/fhir/LabActivityDefinition/14635-7",
    "version": "0.1.0"
  },
  {
    "id": "act-retinol-in-serum-plasma",
    "type": "ActivityDefinition",
    "url": "https://rarecare.world/fhir/LabActivityDefinition/14905-4",
    "version": "0.1.0"
  },
  {
    "id": "act-neutrophils-in-blood",
    "type": "ActivityDefinition",
    "url": "https://rarecare.world/fhir/LabActivityDefinition/751-8",
    "version": "0.1.0"
  },
  {
    "id": "act-pancreatine",
    "type": "ActivityDefinition",
    "url": "https://rarecare.world/fhir/MedActivityDefinition/A09AA02",
    "version": "0.1.0"
  },
  {
    "id": "plan-neutropenia",
    "type": "PlanDefinition",
    "url": "https://rarecare.world/fhir/PlanDefinition/neutropenia",
    "version": "0.1.0"
  },
  {
    "id": "plan-pancreas-insufficiency",
    "type": "PlanDefinition",
    "url": "https://rarecare.world/fhir/PlanDefinition/pancreas-insufficiency",
    "version": "0.1.0"
  },
  {
    "id": "plan-sds",
    "type": "PlanDefinition",
    "url": "https://rarecare.world/fhir/PlanDefinition/shwachman-diamond-syndrome",
    "version": "0.1.0"
  },
  {
    "id": "developmental-disability-questionnaire",
    "type": "Questionnaire",
    "url": "https://rarecare.world/fhir/Questionnaire/developmental-disability",
    "version": "0.1.0"
  },
  {
    "id": "shwachman-diamond-syndrome-questionnaire",
    "type": "Questionnaire",
    "url": "https://rarecare.world/fhir/Questionnaire/shwachman-diamond-syndrome",
    "version": "0.1.0"
  }
]