<?xml version="1.0" encoding="UTF-8"?>

<ImplementationGuide xmlns="http://hl7.org/fhir">
  <id value="rarecare.world"/>
  <text>
    <status value="extensions"/><div xmlns="http://www.w3.org/1999/xhtml"><h2>RarecareFHIRIG</h2><p>The official URL for this implementation guide is: </p><pre>http://rarecare.world/fhir/ImplementationGuide/rarecare.world</pre></div>
  </text>
  <url value="http://rarecare.world/fhir/ImplementationGuide/rarecare.world"/>
  <version value="0.1.0"/>
  <name value="RarecareFHIRIG"/>
  <status value="draft"/>
  <date value="2021-06-18T17:19:10+02:00"/>
  <packageId value="rarecare.world"/>
  <license value="CC0-1.0"/>
  <fhirVersion value="4.0.1"/>
  <definition>
    <extension url="http://hl7.org/fhir/tools/StructureDefinition/ig-parameter">
      <extension url="code">
        <valueString value="copyrightyear"/>
      </extension>
      <extension url="value">
        <valueString value="2021+"/>
      </extension>
    </extension>
    <extension url="http://hl7.org/fhir/tools/StructureDefinition/ig-parameter">
      <extension url="code">
        <valueString value="releaselabel"/>
      </extension>
      <extension url="value">
        <valueString value="ci-build"/>
      </extension>
    </extension>
    <extension url="http://hl7.org/fhir/tools/StructureDefinition/ig-parameter">
      <extension url="code">
        <valueString value="path-liquid"/>
      </extension>
      <extension url="value">
        <valueString value="template/liquid"/>
      </extension>
    </extension>
    <extension url="http://hl7.org/fhir/tools/StructureDefinition/ig-parameter">
      <extension url="code">
        <valueString value="path-liquid"/>
      </extension>
      <extension url="value">
        <valueString value="input/liquid"/>
      </extension>
    </extension>
    <extension url="http://hl7.org/fhir/tools/StructureDefinition/ig-parameter">
      <extension url="code">
        <valueString value="path-qa"/>
      </extension>
      <extension url="value">
        <valueString value="temp/qa"/>
      </extension>
    </extension>
    <extension url="http://hl7.org/fhir/tools/StructureDefinition/ig-parameter">
      <extension url="code">
        <valueString value="path-temp"/>
      </extension>
      <extension url="value">
        <valueString value="temp/pages"/>
      </extension>
    </extension>
    <extension url="http://hl7.org/fhir/tools/StructureDefinition/ig-parameter">
      <extension url="code">
        <valueString value="path-output"/>
      </extension>
      <extension url="value">
        <valueString value="output"/>
      </extension>
    </extension>
    <extension url="http://hl7.org/fhir/tools/StructureDefinition/ig-parameter">
      <extension url="code">
        <valueString value="path-suppressed-warnings"/>
      </extension>
      <extension url="value">
        <valueString value="input/ignoreWarnings.txt"/>
      </extension>
    </extension>
    <extension url="http://hl7.org/fhir/tools/StructureDefinition/ig-parameter">
      <extension url="code">
        <valueString value="path-history"/>
      </extension>
      <extension url="value">
        <valueString value="http://rarecare.world/fhir/history.html"/>
      </extension>
    </extension>
    <extension url="http://hl7.org/fhir/tools/StructureDefinition/ig-parameter">
      <extension url="code">
        <valueString value="template-html"/>
      </extension>
      <extension url="value">
        <valueString value="template-page.html"/>
      </extension>
    </extension>
    <extension url="http://hl7.org/fhir/tools/StructureDefinition/ig-parameter">
      <extension url="code">
        <valueString value="template-md"/>
      </extension>
      <extension url="value">
        <valueString value="template-page-md.html"/>
      </extension>
    </extension>
    <extension url="http://hl7.org/fhir/tools/StructureDefinition/ig-parameter">
      <extension url="code">
        <valueString value="apply-contact"/>
      </extension>
      <extension url="value">
        <valueString value="true"/>
      </extension>
    </extension>
    <extension url="http://hl7.org/fhir/tools/StructureDefinition/ig-parameter">
      <extension url="code">
        <valueString value="apply-context"/>
      </extension>
      <extension url="value">
        <valueString value="true"/>
      </extension>
    </extension>
    <extension url="http://hl7.org/fhir/tools/StructureDefinition/ig-parameter">
      <extension url="code">
        <valueString value="apply-copyright"/>
      </extension>
      <extension url="value">
        <valueString value="true"/>
      </extension>
    </extension>
    <extension url="http://hl7.org/fhir/tools/StructureDefinition/ig-parameter">
      <extension url="code">
        <valueString value="apply-jurisdiction"/>
      </extension>
      <extension url="value">
        <valueString value="true"/>
      </extension>
    </extension>
    <extension url="http://hl7.org/fhir/tools/StructureDefinition/ig-parameter">
      <extension url="code">
        <valueString value="apply-license"/>
      </extension>
      <extension url="value">
        <valueString value="true"/>
      </extension>
    </extension>
    <extension url="http://hl7.org/fhir/tools/StructureDefinition/ig-parameter">
      <extension url="code">
        <valueString value="apply-publisher"/>
      </extension>
      <extension url="value">
        <valueString value="true"/>
      </extension>
    </extension>
    <extension url="http://hl7.org/fhir/tools/StructureDefinition/ig-parameter">
      <extension url="code">
        <valueString value="apply-version"/>
      </extension>
      <extension url="value">
        <valueString value="true"/>
      </extension>
    </extension>
    <extension url="http://hl7.org/fhir/tools/StructureDefinition/ig-parameter">
      <extension url="code">
        <valueString value="active-tables"/>
      </extension>
      <extension url="value">
        <valueString value="true"/>
      </extension>
    </extension>
    <resource>
      <extension url="http://hl7.org/fhir/tools/StructureDefinition/resource-information">
        <valueString value="StructureDefinition:resource"/>
      </extension>
      <reference>
        <reference value="StructureDefinition/disease-plan"/>
      </reference>
      <name value="Disease Management Plan"/>
      <description value="The PlanDefinition for a rare conditions refers to PlanDefinitions of other diseases, &#xD;&#xA;i.e. Shwachman-Diamond Syndrome is typically associated with Neutropenia. The disease plan refers to &#xD;&#xA;medication, lab tests and other items for management of the disease."/>
      <exampleBoolean value="false"/>
    </resource>
    <resource>
      <extension url="http://hl7.org/fhir/tools/StructureDefinition/resource-information">
        <valueString value="StructureDefinition:resource"/>
      </extension>
      <reference>
        <reference value="StructureDefinition/functioning-questionnaire"/>
      </reference>
      <name value="Questionnaire for functioning"/>
      <description value="The FunctioningQuestionnaire is a questionnaire for patients with rare conditions. It captures aspects of their &#xD;&#xA;functioning relevant to their specific disease."/>
      <exampleBoolean value="false"/>
    </resource>
    <resource>
      <extension url="http://hl7.org/fhir/tools/StructureDefinition/resource-information">
        <valueString value="StructureDefinition:resource"/>
      </extension>
      <reference>
        <reference value="StructureDefinition/lab-activity"/>
      </reference>
      <name value="Lab Test Activity"/>
      <description value="A Disease is associated with Symptoms, which may be abnormal lab values, represented by LOINC codes."/>
      <exampleBoolean value="false"/>
    </resource>
    <resource>
      <extension url="http://hl7.org/fhir/tools/StructureDefinition/resource-information">
        <valueString value="StructureDefinition:resource"/>
      </extension>
      <reference>
        <reference value="StructureDefinition/lab-observation"/>
      </reference>
      <name value="Lab Test Observation"/>
      <description value="A Disease is associated with Symptoms, which may be abnormal lab values, represented by LOINC codes."/>
      <exampleBoolean value="false"/>
    </resource>
    <resource>
      <extension url="http://hl7.org/fhir/tools/StructureDefinition/resource-information">
        <valueString value="StructureDefinition:resource"/>
      </extension>
      <reference>
        <reference value="StructureDefinition/med-activity"/>
      </reference>
      <name value="Medication Administration Activity"/>
      <description value="A Disease is treated with medication."/>
      <exampleBoolean value="false"/>
    </resource>
    <resource>
      <extension url="http://hl7.org/fhir/tools/StructureDefinition/resource-information">
        <valueString value="StructureDefinition:resource"/>
      </extension>
      <reference>
        <reference value="StructureDefinition/participation-questionnaire"/>
      </reference>
      <name value="Questionnaire for participation"/>
      <description value="The ParticipationQuestionnaire is a questionnaire for patients with rare conditions. It captures aspects of their &#xD;&#xA;activities and participation relevant to their specific disease."/>
      <exampleBoolean value="false"/>
    </resource>
    <resource>
      <extension url="http://hl7.org/fhir/tools/StructureDefinition/resource-information">
        <valueString value="StructureDefinition:resource"/>
      </extension>
      <reference>
        <reference value="StructureDefinition/rare-care-plan"/>
      </reference>
      <name value="Rare Condition Management Plan"/>
      <description value="The PlanDefinition for a rare conditions refers to PlanDefinitions of other diseases, &#xD;&#xA;i.e. Shwachman-Diamond Syndrome is typically associated with Neutropenia. A code from Orphanet is required."/>
      <exampleBoolean value="false"/>
    </resource>
    <resource>
      <extension url="http://hl7.org/fhir/tools/StructureDefinition/resource-information">
        <valueString value="ValueSet"/>
      </extension>
      <reference>
        <reference value="ValueSet/icf-b-codes"/>
      </reference>
      <name value="ICF b codes: BODY FUNCTIONS"/>
      <description value="All codes from ICF B subhierarchy: BODY FUNCTIONS"/>
      <exampleBoolean value="false"/>
    </resource>
    <resource>
      <extension url="http://hl7.org/fhir/tools/StructureDefinition/resource-information">
        <valueString value="ValueSet"/>
      </extension>
      <reference>
        <reference value="ValueSet/icf-d-codes"/>
      </reference>
      <name value="ICF d codes: ACTIVITIES AND PARTICIPATION"/>
      <description value="All codes from ICF D subhierarchy: ACTIVITIES AND PARTICIPATION"/>
      <exampleBoolean value="false"/>
    </resource>
    <resource>
      <extension url="http://hl7.org/fhir/tools/StructureDefinition/resource-information">
        <valueString value="ActivityDefinition"/>
      </extension>
      <reference>
        <reference value="ActivityDefinition/act-calcidiol-in-serum-plasma"/>
      </reference>
      <name value="Calcidiol (25-hydroxy-Vitamin D3) in serum/plasma ActivityDefinition"/>
      <description value="Calcidiol (25-hydroxy-Vitamin D3) in serum/plasma"/>
      <exampleCanonical value="http://rarecare.world/fhir/StructureDefinition/lab-activity"/>
    </resource>
    <resource>
      <extension url="http://hl7.org/fhir/tools/StructureDefinition/resource-information">
        <valueString value="ActivityDefinition"/>
      </extension>
      <reference>
        <reference value="ActivityDefinition/act-neutrophils-in-blood"/>
      </reference>
      <name value="Neutrophils in blood ActivityDefinition"/>
      <description value="Neutrophils in blood measurement"/>
      <exampleCanonical value="http://rarecare.world/fhir/StructureDefinition/lab-activity"/>
    </resource>
    <resource>
      <extension url="http://hl7.org/fhir/tools/StructureDefinition/resource-information">
        <valueString value="ActivityDefinition"/>
      </extension>
      <reference>
        <reference value="ActivityDefinition/act-pancreatine"/>
      </reference>
      <name value="Pancreatine"/>
      <description value="Pancreatine"/>
      <exampleCanonical value="http://rarecare.world/fhir/StructureDefinition/med-activity"/>
    </resource>
    <resource>
      <extension url="http://hl7.org/fhir/tools/StructureDefinition/resource-information">
        <valueString value="ActivityDefinition"/>
      </extension>
      <reference>
        <reference value="ActivityDefinition/act-retinol-in-serum-plasma"/>
      </reference>
      <name value="Retinol (Vitamin A) in serum/plasma ActivityDefinition"/>
      <description value="Retinol (Vitamin A) in serum/plasma"/>
      <exampleCanonical value="http://rarecare.world/fhir/StructureDefinition/lab-activity"/>
    </resource>
    <resource>
      <extension url="http://hl7.org/fhir/tools/StructureDefinition/resource-information">
        <valueString value="Questionnaire"/>
      </extension>
      <reference>
        <reference value="Questionnaire/developmental-disability-questionnaire"/>
      </reference>
      <name value="Functioning Questionnaire for Development Disability"/>
      <exampleCanonical value="http://rarecare.world/fhir/StructureDefinition/functioning-questionnaire"/>
    </resource>
    <resource>
      <extension url="http://hl7.org/fhir/tools/StructureDefinition/resource-information">
        <valueString value="ObservationDefinition"/>
      </extension>
      <reference>
        <reference value="ObservationDefinition/obs-calcidiol-in-serum-plasma"/>
      </reference>
      <name value="Calcidiol (25-hydroxy-Vitamin D3) in serum/plasma ActivityDefinition"/>
      <exampleCanonical value="http://rarecare.world/fhir/StructureDefinition/lab-observation"/>
    </resource>
    <resource>
      <extension url="http://hl7.org/fhir/tools/StructureDefinition/resource-information">
        <valueString value="ObservationDefinition"/>
      </extension>
      <reference>
        <reference value="ObservationDefinition/obs-neutrophils-in-blood"/>
      </reference>
      <name value="Neutrophils in blood ObservationDefinition"/>
      <exampleCanonical value="http://rarecare.world/fhir/StructureDefinition/lab-observation"/>
    </resource>
    <resource>
      <extension url="http://hl7.org/fhir/tools/StructureDefinition/resource-information">
        <valueString value="ObservationDefinition"/>
      </extension>
      <reference>
        <reference value="ObservationDefinition/obs-retinol-in-serum-plasma"/>
      </reference>
      <name value="Retinol (Vitamin A) in serum/plasma ActivityDefinition"/>
      <exampleCanonical value="http://rarecare.world/fhir/StructureDefinition/lab-observation"/>
    </resource>
    <resource>
      <extension url="http://hl7.org/fhir/tools/StructureDefinition/resource-information">
        <valueString value="PlanDefinition"/>
      </extension>
      <reference>
        <reference value="PlanDefinition/plan-developmental-disability"/>
      </reference>
      <name value="Ontwikkelingsstoornis PlanDefinition"/>
      <description value="Neutropenia management plan."/>
      <exampleCanonical value="http://rarecare.world/fhir/StructureDefinition/disease-plan"/>
    </resource>
    <resource>
      <extension url="http://hl7.org/fhir/tools/StructureDefinition/resource-information">
        <valueString value="PlanDefinition"/>
      </extension>
      <reference>
        <reference value="PlanDefinition/plan-neutropenia"/>
      </reference>
      <name value="Neutropenia PlanDefinition"/>
      <description value="Neutropenia management plan."/>
      <exampleCanonical value="http://rarecare.world/fhir/StructureDefinition/disease-plan"/>
    </resource>
    <resource>
      <extension url="http://hl7.org/fhir/tools/StructureDefinition/resource-information">
        <valueString value="PlanDefinition"/>
      </extension>
      <reference>
        <reference value="PlanDefinition/plan-pancreas-insufficiency"/>
      </reference>
      <name value="Pancreas Insuffici&#xEB;ntie PlanDefinition"/>
      <description value="Pancreas Insuffici&#xEB;ntie management plan."/>
      <exampleCanonical value="http://rarecare.world/fhir/StructureDefinition/disease-plan"/>
    </resource>
    <resource>
      <extension url="http://hl7.org/fhir/tools/StructureDefinition/resource-information">
        <valueString value="PlanDefinition"/>
      </extension>
      <reference>
        <reference value="PlanDefinition/plan-sds"/>
      </reference>
      <name value="Shwachman Diamond Syndrome PlanDefinition"/>
      <description value="Shwachman Diamond Syndrome management plan."/>
      <exampleCanonical value="http://rarecare.world/fhir/StructureDefinition/rare-care-plan"/>
    </resource>
    <resource>
      <extension url="http://hl7.org/fhir/tools/StructureDefinition/resource-information">
        <valueString value="Questionnaire"/>
      </extension>
      <reference>
        <reference value="Questionnaire/shwachman-diamond-syndrome-questionnaire"/>
      </reference>
      <name value="Participation and Activities Questionnaire for Shwachman Diamond Syndrome"/>
      <exampleCanonical value="http://rarecare.world/fhir/StructureDefinition/participation-questionnaire"/>
    </resource>
    <page>
      <nameUrl value="toc.html"/>
      <title value="Table of Contents"/>
      <generation value="html"/>
      <page>
        <nameUrl value="index.html"/>
        <title value="Home"/>
        <generation value="markdown"/>
      </page>
    </page>
    <parameter>
      <code value="path-resource"/>
      <value value="input/capabilities"/>
    </parameter>
    <parameter>
      <code value="path-resource"/>
      <value value="input/examples"/>
    </parameter>
    <parameter>
      <code value="path-resource"/>
      <value value="input/extensions"/>
    </parameter>
    <parameter>
      <code value="path-resource"/>
      <value value="input/models"/>
    </parameter>
    <parameter>
      <code value="path-resource"/>
      <value value="input/operations"/>
    </parameter>
    <parameter>
      <code value="path-resource"/>
      <value value="input/profiles"/>
    </parameter>
    <parameter>
      <code value="path-resource"/>
      <value value="input/resources"/>
    </parameter>
    <parameter>
      <code value="path-resource"/>
      <value value="input/vocabulary"/>
    </parameter>
    <parameter>
      <code value="path-resource"/>
      <value value="input/maps"/>
    </parameter>
    <parameter>
      <code value="path-resource"/>
      <value value="input/testing"/>
    </parameter>
    <parameter>
      <code value="path-resource"/>
      <value value="input/history"/>
    </parameter>
    <parameter>
      <code value="path-resource"/>
      <value value="fsh-generated/resources"/>
    </parameter>
    <parameter>
      <code value="path-pages"/>
      <value value="template/config"/>
    </parameter>
    <parameter>
      <code value="path-pages"/>
      <value value="input/images"/>
    </parameter>
    <parameter>
      <code value="path-tx-cache"/>
      <value value="input-cache/txcache"/>
    </parameter>
  </definition>
</ImplementationGuide>