<?xml version="1.0" encoding="UTF-8"?>

<ObservationDefinition xmlns="http://hl7.org/fhir">
  <id value="obs-calcidiol-in-serum-plasma"/>
  <meta>
    <profile value="http://rarecare.world/fhir/StructureDefinition/lab-observation"/>
  </meta>
  <text>
    <status value="generated"/><div xmlns="http://www.w3.org/1999/xhtml"><p><b>Generated Narrative</b></p><p><b>code</b>: <span title="Codes: {http://loinc.org 14635-7}">Calcidiol (25-hydroxy-Vitamin D3) in serum/plasma</span></p></div>
  </text>
  <code>
    <coding>
      <system value="http://loinc.org"/>
      <code value="14635-7"/>
      <display value="Calcidiol (25-hydroxy-Vitamin D3) in serum/plasma"/>
    </coding>
  </code>
</ObservationDefinition>