{
  "resourceType": "PlanDefinition",
  "id": "plan-sds",
  "meta": {
    "profile": [
      "http://rarecare.world/fhir/StructureDefinition/rare-care-plan"
    ]
  },
  "text": {
    "status": "generated",
    "div": "<div xmlns=\"http://www.w3.org/1999/xhtml\"><p><b>Generated Narrative: PlanDefinition</b><a name=\"plan-sds\"> </a></p><div style=\"display: inline-block; background-color: #d9e0e7; padding: 6px; margin: 4px; border: 1px solid #8da1b4; border-radius: 5px; line-height: 60%\"><p style=\"margin-bottom: 0px\">Resource PlanDefinition \"plan-sds\" </p><p style=\"margin-bottom: 0px\">Profile: <a href=\"StructureDefinition-rare-care-plan.html\">Rare Condition Management Plan</a></p></div><p><b>url</b>: <code>https://rarecare.world/fhir/PlanDefinition/shwachman-diamond-syndrome</code></p><p><b>version</b>: 0.1.0</p><p><b>title</b>: Shwachman Diamond Syndrome Management</p><p><b>type</b>: Clinical Protocol <span style=\"background: LightGoldenRodYellow; margin: 4px; border: 1px solid khaki\"> (<a href=\"http://hl7.org/fhir/R4B/codesystem-plan-definition-type.html\">PlanDefinitionType</a>#clinical-protocol)</span></p><p><b>status</b>: draft</p><p><b>subject</b>: Patient <span style=\"background: LightGoldenRodYellow; margin: 4px; border: 1px solid khaki\"> (<a href=\"http://hl7.org/fhir/R4B/codesystem-resource-types.html\">ResourceType</a>#Patient)</span></p><p><b>date</b>: 2021-01-14</p><p><b>publisher</b>: Stichting Rare Care World</p><p><b>description</b>: Shwachman Diamond Syndrome management plan.</p><p><b>topic</b>: Treatment <span style=\"background: LightGoldenRodYellow; margin: 4px; border: 1px solid khaki\"> (<a href=\"http://hl7.org/fhir/R4B/codesystem-definition-topic.html\">DefinitionTopic</a>#treatment)</span></p><blockquote><p><b>relatedArtifact</b></p><p><b>type</b>: justification</p><p><b>url</b>: <a href=\"https://rarecare.world/patient-organisation/shwachman-syndrome-support-holland\">https://rarecare.world/patient-organisation/shwachman-syndrome-support-holland</a></p></blockquote><h3>Goals</h3><table class=\"grid\"><tr><td>-</td><td><b>Description</b></td><td><b>Addresses</b></td></tr><tr><td>*</td><td>Shwachman Diamond Syndrome management <span style=\"background: LightGoldenRodYellow; margin: 4px; border: 1px solid khaki\"> ()</span></td><td>Shwachman-Diamond syndrome <span style=\"background: LightGoldenRodYellow; margin: 4px; border: 1px solid khaki\"> (www.orpha.net#ORPHA:811)</span></td></tr></table><blockquote><p><b>action</b></p><p><b>title</b>: Neutropenia</p><p><b>definition</b>: <a href=\"PlanDefinition-plan-neutropenia.html\">Neutropenia Management</a></p></blockquote><blockquote><p><b>action</b></p><p><b>title</b>: Pancreas Insufficiency</p><p><b>definition</b>: <a href=\"PlanDefinition-plan-pancreas-insufficiency.html\">Pancreas Insufficiëntie</a></p></blockquote><blockquote><p><b>action</b></p><p><b>title</b>: Developmental disability</p><p><b>definition</b>: <a href=\"https://rarecare.world/fhir/PlanDefinition/developmental-disability\">https://rarecare.world/fhir/PlanDefinition/developmental-disability</a></p></blockquote><blockquote><p><b>action</b></p><p><b>title</b>: Vragenlijst participatie voor Shwachman Diamond Syndroom</p><p><b>definition</b>: <a href=\"Questionnaire-shwachman-diamond-syndrome-questionnaire.html\">Participation and Activities Questionnaire for Shwachman Diamond Syndrome</a></p></blockquote></div>"
  },
  "url": "https://rarecare.world/fhir/PlanDefinition/shwachman-diamond-syndrome",
  "version": "0.1.0",
  "title": "Shwachman Diamond Syndrome Management",
  "type": {
    "coding": [
      {
        "system": "http://terminology.hl7.org/CodeSystem/plan-definition-type",
        "code": "clinical-protocol"
      }
    ]
  },
  "status": "draft",
  "subjectCodeableConcept": {
    "coding": [
      {
        "system": "http://hl7.org/fhir/resource-types",
        "code": "Patient"
      }
    ]
  },
  "date": "2021-01-14",
  "publisher": "Stichting Rare Care World",
  "description": "Shwachman Diamond Syndrome management plan.",
  "topic": [
    {
      "coding": [
        {
          "system": "http://terminology.hl7.org/CodeSystem/definition-topic",
          "code": "treatment"
        }
      ]
    }
  ],
  "relatedArtifact": [
    {
      "type": "justification",
      "url": "https://rarecare.world/patient-organisation/shwachman-syndrome-support-holland",
      "document": {
        "url": "https://rarecare.world/patient-organisation/shwachman-syndrome-support-holland"
      }
    }
  ],
  "goal": [
    {
      "description": {
        "text": "Shwachman Diamond Syndrome management"
      },
      "addresses": [
        {
          "coding": [
            {
              "system": "http://www.orpha.net",
              "code": "ORPHA:811",
              "display": "Shwachman-Diamond syndrome"
            }
          ]
        }
      ]
    }
  ],
  "action": [
    {
      "title": "Neutropenia",
      "definitionCanonical": "https://rarecare.world/fhir/PlanDefinition/neutropenia"
    },
    {
      "title": "Pancreas Insufficiency",
      "definitionCanonical": "https://rarecare.world/fhir/PlanDefinition/pancreas-insufficiency"
    },
    {
      "title": "Developmental disability",
      "definitionCanonical": "https://rarecare.world/fhir/PlanDefinition/developmental-disability"
    },
    {
      "title": "Vragenlijst participatie voor Shwachman Diamond Syndroom",
      "definitionCanonical": "https://rarecare.world/fhir/Questionnaire/shwachman-diamond-syndrome"
    }
  ]
}