<?xml version="1.0" encoding="UTF-8"?>

<PlanDefinition xmlns="http://hl7.org/fhir">
  <id value="plan-neutropenia"/>
  <meta>
    <profile value="http://rarecare.world/fhir/StructureDefinition/disease-plan"/>
  </meta>
  <text>
    <status value="generated"/><div xmlns="http://www.w3.org/1999/xhtml"><p><b>Generated Narrative: PlanDefinition</b><a name="plan-neutropenia"> </a></p><div style="display: inline-block; background-color: #d9e0e7; padding: 6px; margin: 4px; border: 1px solid #8da1b4; border-radius: 5px; line-height: 60%"><p style="margin-bottom: 0px">Resource PlanDefinition "plan-neutropenia" </p><p style="margin-bottom: 0px">Profile: <a href="StructureDefinition-disease-plan.html">Disease Management Plan</a></p></div><p><b>url</b>: <code>https://rarecare.world/fhir/PlanDefinition/neutropenia</code></p><p><b>version</b>: 0.1.0</p><p><b>title</b>: Neutropenia Management</p><p><b>type</b>: clinical-protocol <span style="background: LightGoldenRodYellow; margin: 4px; border: 1px solid khaki"> ([not stated]#clinical-protocol)</span></p><p><b>status</b>: draft</p><p><b>subject</b>: Patient <span style="background: LightGoldenRodYellow; margin: 4px; border: 1px solid khaki"> (<a href="http://hl7.org/fhir/R4B/codesystem-resource-types.html">ResourceType</a>#Patient)</span></p><p><b>date</b>: 2021-01-14</p><p><b>publisher</b>: Stichting Rare Care World</p><p><b>description</b>: Neutropenia management plan.</p><p><b>topic</b>: Treatment <span style="background: LightGoldenRodYellow; margin: 4px; border: 1px solid khaki"> (<a href="http://hl7.org/fhir/R4B/codesystem-definition-topic.html">DefinitionTopic</a>#treatment)</span></p><blockquote><p><b>relatedArtifact</b></p><p><b>type</b>: documentation</p><p><b>url</b>: <a href="https://rarecare.world/disease/neutropenia">https://rarecare.world/disease/neutropenia</a></p></blockquote><h3>Goals</h3><table class="grid"><tr><td>-</td><td><b>Description</b></td><td><b>Addresses</b></td></tr><tr><td>*</td><td>Neutropenia management <span style="background: LightGoldenRodYellow; margin: 4px; border: 1px solid khaki"> ()</span></td><td>Neutropenia, unspecified <span style="background: LightGoldenRodYellow; margin: 4px; border: 1px solid khaki"> (<a href="http://terminology.hl7.org/4.0.0/CodeSystem-icd10.html">ICD-10</a>#D70.9)</span></td></tr></table><h3>Actions</h3><table class="grid"><tr><td>-</td><td><b>Title</b></td><td><b>Definition[x]</b></td></tr><tr><td>*</td><td>Neutrophils in blood</td><td><a href="ActivityDefinition-act-neutrophils-in-blood.html">ActivityDefinition[https://rarecare.world/fhir/LabActivityDefinition/751-8]</a></td></tr></table></div>
  </text>
  <url value="https://rarecare.world/fhir/PlanDefinition/neutropenia"/>
  <version value="0.1.0"/>
  <title value="Neutropenia Management"/>
  <type>
    <coding>
      <code value="clinical-protocol"/>
    </coding>
  </type>
  <status value="draft"/>
  <subjectCodeableConcept>
    <coding>
      <system value="http://hl7.org/fhir/resource-types"/>
      <code value="Patient"/>
    </coding>
  </subjectCodeableConcept>
  <date value="2021-01-14"/>
  <publisher value="Stichting Rare Care World"/>
  <description value="Neutropenia management plan."/>
  <topic>
    <coding>
      <system value="http://terminology.hl7.org/CodeSystem/definition-topic"/>
      <code value="treatment"/>
    </coding>
  </topic>
  <relatedArtifact>
    <type value="documentation"/>
    <url value="https://rarecare.world/disease/neutropenia"/>
    <document>
      <url value="https://rarecare.world/disease/neutropenia"/>
    </document>
  </relatedArtifact>
  <goal>
    <description>
      <text value="Neutropenia management"/>
    </description>
    <addresses>
      <coding>
        <system value="http://hl7.org/fhir/sid/icd-10"/>
        <code value="D70.9"/>
        <display value="Neutropenia, unspecified"/>
      </coding>
    </addresses>
  </goal>
  <action>
    <title value="Neutrophils in blood"/>
    <definitionCanonical value="https://rarecare.world/fhir/LabActivityDefinition/751-8"/>
  </action>
</PlanDefinition>