<?xml version="1.0" encoding="UTF-8"?>

<PlanDefinition xmlns="http://hl7.org/fhir">
  <id value="plan-sds"/>
  <meta>
    <profile value="http://rarecare.world/fhir/StructureDefinition/rare-care-plan"/>
  </meta>
  <text>
    <status value="generated"/><div xmlns="http://www.w3.org/1999/xhtml"><p><b>Generated Narrative: PlanDefinition</b><a name="plan-sds"> </a></p><div style="display: inline-block; background-color: #d9e0e7; padding: 6px; margin: 4px; border: 1px solid #8da1b4; border-radius: 5px; line-height: 60%"><p style="margin-bottom: 0px">Resource PlanDefinition "plan-sds" </p><p style="margin-bottom: 0px">Profile: <a href="StructureDefinition-rare-care-plan.html">Rare Condition Management Plan</a></p></div><p><b>url</b>: <code>https://rarecare.world/fhir/PlanDefinition/shwachman-diamond-syndrome</code></p><p><b>version</b>: 0.1.0</p><p><b>title</b>: Shwachman Diamond Syndrome Management</p><p><b>type</b>: Clinical Protocol <span style="background: LightGoldenRodYellow; margin: 4px; border: 1px solid khaki"> (<a href="http://hl7.org/fhir/R4B/codesystem-plan-definition-type.html">PlanDefinitionType</a>#clinical-protocol)</span></p><p><b>status</b>: draft</p><p><b>subject</b>: Patient <span style="background: LightGoldenRodYellow; margin: 4px; border: 1px solid khaki"> (<a href="http://hl7.org/fhir/R4B/codesystem-resource-types.html">ResourceType</a>#Patient)</span></p><p><b>date</b>: 2021-01-14</p><p><b>publisher</b>: Stichting Rare Care World</p><p><b>description</b>: Shwachman Diamond Syndrome management plan.</p><p><b>topic</b>: Treatment <span style="background: LightGoldenRodYellow; margin: 4px; border: 1px solid khaki"> (<a href="http://hl7.org/fhir/R4B/codesystem-definition-topic.html">DefinitionTopic</a>#treatment)</span></p><blockquote><p><b>relatedArtifact</b></p><p><b>type</b>: justification</p><p><b>url</b>: <a href="https://rarecare.world/patient-organisation/shwachman-syndrome-support-holland">https://rarecare.world/patient-organisation/shwachman-syndrome-support-holland</a></p></blockquote><h3>Goals</h3><table class="grid"><tr><td>-</td><td><b>Description</b></td><td><b>Addresses</b></td></tr><tr><td>*</td><td>Shwachman Diamond Syndrome management <span style="background: LightGoldenRodYellow; margin: 4px; border: 1px solid khaki"> ()</span></td><td>Shwachman-Diamond syndrome <span style="background: LightGoldenRodYellow; margin: 4px; border: 1px solid khaki"> (www.orpha.net#ORPHA:811)</span></td></tr></table><blockquote><p><b>action</b></p><p><b>title</b>: Neutropenia</p><p><b>definition</b>: <a href="PlanDefinition-plan-neutropenia.html">Neutropenia Management</a></p></blockquote><blockquote><p><b>action</b></p><p><b>title</b>: Pancreas Insufficiency</p><p><b>definition</b>: <a href="PlanDefinition-plan-pancreas-insufficiency.html">Pancreas Insufficiëntie</a></p></blockquote><blockquote><p><b>action</b></p><p><b>title</b>: Developmental disability</p><p><b>definition</b>: <a href="https://rarecare.world/fhir/PlanDefinition/developmental-disability">https://rarecare.world/fhir/PlanDefinition/developmental-disability</a></p></blockquote><blockquote><p><b>action</b></p><p><b>title</b>: Vragenlijst participatie voor Shwachman Diamond Syndroom</p><p><b>definition</b>: <a href="Questionnaire-shwachman-diamond-syndrome-questionnaire.html">Participation and Activities Questionnaire for Shwachman Diamond Syndrome</a></p></blockquote></div>
  </text>
  <url value="https://rarecare.world/fhir/PlanDefinition/shwachman-diamond-syndrome"/>
  <version value="0.1.0"/>
  <title value="Shwachman Diamond Syndrome Management"/>
  <type>
    <coding>
      <system value="http://terminology.hl7.org/CodeSystem/plan-definition-type"/>
      <code value="clinical-protocol"/>
    </coding>
  </type>
  <status value="draft"/>
  <subjectCodeableConcept>
    <coding>
      <system value="http://hl7.org/fhir/resource-types"/>
      <code value="Patient"/>
    </coding>
  </subjectCodeableConcept>
  <date value="2021-01-14"/>
  <publisher value="Stichting Rare Care World"/>
  <description value="Shwachman Diamond Syndrome management plan."/>
  <topic>
    <coding>
      <system value="http://terminology.hl7.org/CodeSystem/definition-topic"/>
      <code value="treatment"/>
    </coding>
  </topic>
  <relatedArtifact>
    <type value="justification"/>
    <url value="https://rarecare.world/patient-organisation/shwachman-syndrome-support-holland"/>
    <document>
      <url value="https://rarecare.world/patient-organisation/shwachman-syndrome-support-holland"/>
    </document>
  </relatedArtifact>
  <goal>
    <description>
      <text value="Shwachman Diamond Syndrome management"/>
    </description>
    <addresses>
      <coding>
        <system value="http://www.orpha.net"/>
        <code value="ORPHA:811"/>
        <display value="Shwachman-Diamond syndrome"/>
      </coding>
    </addresses>
  </goal>
  <action>
    <title value="Neutropenia"/>
    <definitionCanonical value="https://rarecare.world/fhir/PlanDefinition/neutropenia"/>
  </action>
  <action>
    <title value="Pancreas Insufficiency"/>
    <definitionCanonical value="https://rarecare.world/fhir/PlanDefinition/pancreas-insufficiency"/>
  </action>
  <action>
    <title value="Developmental disability"/>
    <definitionCanonical value="https://rarecare.world/fhir/PlanDefinition/developmental-disability"/>
  </action>
  <action>
    <title value="Vragenlijst participatie voor Shwachman Diamond Syndroom"/>
    <definitionCanonical value="https://rarecare.world/fhir/Questionnaire/shwachman-diamond-syndrome"/>
  </action>
</PlanDefinition>