{"resourceType":"PlanDefinition","id":"plan-pancreas-insufficiency","meta":{"profile":["http://rarecare.world/fhir/StructureDefinition/disease-plan"]},"url":"https://rarecare.world/fhir/PlanDefinition/pancreas-insufficiency","version":"0.1.0","title":"Pancreas Insufficiëntie","type":{"coding":[{"system":"http://terminology.hl7.org/CodeSystem/plan-definition-type","code":"clinical-protocol"}]},"status":"draft","subjectCodeableConcept":{"coding":[{"system":"http://hl7.org/fhir/resource-types","code":"Patient"}]},"date":"2021-01-14","publisher":"Stichting Rare Care World","description":"Pancreas Insufficiëntie management plan.","topic":[{"coding":[{"system":"http://terminology.hl7.org/CodeSystem/definition-topic","code":"treatment"}]}],"relatedArtifact":[{"type":"documentation","url":"https://rarecare.world/disease/pancreas-insufficiency"}],"goal":[{"description":{"text":"Pancreas Insufficiëntie management"},"addresses":[{"coding":[{"system":"http://hl7.org/fhir/sid/icd-10","code":"K86.81","display":"Exocrine pancreatic insufficiency"}]}]}],"action":[{"title":"Retinol (Vitamin A) in serum/plasma","definitionCanonical":"https://rarecare.world/fhir/LabActivityDefinition/14905-4"},{"title":"Calcidiol (25-hydroxy-Vitamin D3) in serum/plasma","definitionCanonical":"https://rarecare.world/fhir/LabActivityDefinition/14635-7"},{"title":"Calcidiol (25-hydroxy-Vitamin D3) in serum/plasma","definitionCanonical":"https://rarecare.world/fhir/LabActivityDefinition/14635-7"}]}