{"resourceType":"PlanDefinition","id":"plan-sds","meta":{"profile":["http://rarecare.world/fhir/StructureDefinition/rare-care-plan"]},"url":"https://rarecare.world/fhir/PlanDefinition/shwachman-diamond-syndrome","version":"0.1.0","title":"Shwachman Diamond Syndrome Management","type":{"coding":[{"system":"http://terminology.hl7.org/CodeSystem/plan-definition-type","code":"clinical-protocol"}]},"status":"draft","subjectCodeableConcept":{"coding":[{"system":"http://hl7.org/fhir/resource-types","code":"Patient"}]},"date":"2021-01-14","publisher":"Stichting Rare Care World","description":"Shwachman Diamond Syndrome management plan.","topic":[{"coding":[{"system":"http://terminology.hl7.org/CodeSystem/definition-topic","code":"treatment"}]}],"relatedArtifact":[{"type":"justification","url":"https://rarecare.world/patient-organisation/shwachman-syndrome-support-holland"}],"goal":[{"description":{"text":"Shwachman Diamond Syndrome management"},"addresses":[{"coding":[{"system":"http://www.orpha.net","code":"ORPHA:811","display":"Shwachman-Diamond syndrome"}]}]}],"action":[{"title":"Neutropenia","definitionCanonical":"https://rarecare.world/fhir/PlanDefinition/neutropenia"},{"title":"Pancreas Insufficiency","definitionCanonical":"https://rarecare.world/fhir/PlanDefinition/pancreas-insufficiency"},{"title":"Developmental disability","definitionCanonical":"https://rarecare.world/fhir/PlanDefinition/developmental-disability"},{"title":"Vragenlijst participatie voor Shwachman Diamond Syndroom","definitionCanonical":"https://rarecare.world/fhir/Questionnaire/shwachman-diamond-syndrome"}]}