{"resourceType":"ActivityDefinition","id":"act-neutrophils-in-blood","meta":{"profile":["http://rarecare.world/fhir/StructureDefinition/lab-activity"]},"url":"https://rarecare.world/fhir/LabActivityDefinition/751-8","version":"0.1.0","status":"draft","date":"2022-10-25T15:37:55+02:00","description":"Neutrophils in blood measurement","kind":"ServiceRequest","code":{"coding":[{"system":"http://loinc.org","code":"751-8","display":"Neutrophils in blood"}]},"observationRequirement":[{"reference":"ObservationDefinition/obs-neutrophils-in-blood"}]}