{"resourceType":"ActivityDefinition","id":"act-calcidiol-in-serum-plasma","meta":{"profile":["http://rarecare.world/fhir/StructureDefinition/lab-activity"]},"url":"https://rarecare.world/fhir/LabActivityDefinition/14635-7","version":"0.1.0","status":"draft","date":"2021-06-11T11:22:34+02:00","description":"Calcidiol (25-hydroxy-Vitamin D3) in serum/plasma","kind":"ServiceRequest","code":{"coding":[{"system":"http://loinc.org","code":"14635-7","display":"Calcidiol (25-hydroxy-Vitamin D3) in serum/plasma"}]},"observationRequirement":[{"reference":"#loinc-14635-7"}]}