{"resourceType":"ActivityDefinition","id":"act-retinol-in-serum-plasma","meta":{"profile":["http://rarecare.world/fhir/StructureDefinition/lab-activity"]},"url":"https://rarecare.world/fhir/LabActivityDefinition/14905-4","version":"0.1.0","status":"draft","date":"2022-10-26T12:16:30+02:00","description":"Retinol (Vitamin A) in serum/plasma","kind":"ServiceRequest","code":{"coding":[{"system":"http://loinc.org","code":"751-8","display":"Retinol (Vitamin A) in serum/plasma"}]},"observationRequirement":[{"reference":"ObservationDefinition/obs-retinol-in-serum-plasma"}]}