{"resourceType":"ImplementationGuide","id":"rarecare.world","text":{"status":"extensions","div":"<div xmlns=\"http://www.w3.org/1999/xhtml\"><h2>RarecareFHIRIG</h2><p>The official URL for this implementation guide is: </p><pre>http://rarecare.world/fhir/ImplementationGuide/rarecare.world</pre></div>"},"url":"http://rarecare.world/fhir/ImplementationGuide/rarecare.world","version":"0.1.0","name":"RarecareFHIRIG","status":"draft","date":"2022-10-26T12:16:30+02:00","packageId":"rarecare.world","license":"CC0-1.0","fhirVersion":["4.3.0"],"dependsOn":[{"id":"hl7tx","uri":"http://terminology.hl7.org/ImplementationGuide/hl7.terminology","packageId":"hl7.terminology.r4","version":"4.0.0"}],"definition":{"extension":[{"extension":[{"url":"code","valueString":"copyrightyear"},{"url":"value","valueString":"2021+"}],"url":"http://hl7.org/fhir/tools/StructureDefinition/ig-parameter"},{"extension":[{"url":"code","valueString":"releaselabel"},{"url":"value","valueString":"ci-build"}],"url":"http://hl7.org/fhir/tools/StructureDefinition/ig-parameter"},{"extension":[{"url":"code","valueString":"autoload-resources"},{"url":"value","valueString":"true"}],"url":"http://hl7.org/fhir/tools/StructureDefinition/ig-parameter"},{"extension":[{"url":"code","valueString":"path-liquid"},{"url":"value","valueString":"template/liquid"}],"url":"http://hl7.org/fhir/tools/StructureDefinition/ig-parameter"},{"extension":[{"url":"code","valueString":"path-liquid"},{"url":"value","valueString":"input/liquid"}],"url":"http://hl7.org/fhir/tools/StructureDefinition/ig-parameter"},{"extension":[{"url":"code","valueString":"path-qa"},{"url":"value","valueString":"temp/qa"}],"url":"http://hl7.org/fhir/tools/StructureDefinition/ig-parameter"},{"extension":[{"url":"code","valueString":"path-temp"},{"url":"value","valueString":"temp/pages"}],"url":"http://hl7.org/fhir/tools/StructureDefinition/ig-parameter"},{"extension":[{"url":"code","valueString":"path-output"},{"url":"value","valueString":"output"}],"url":"http://hl7.org/fhir/tools/StructureDefinition/ig-parameter"},{"extension":[{"url":"code","valueString":"path-suppressed-warnings"},{"url":"value","valueString":"input/ignoreWarnings.txt"}],"url":"http://hl7.org/fhir/tools/StructureDefinition/ig-parameter"},{"extension":[{"url":"code","valueString":"path-history"},{"url":"value","valueString":"http://rarecare.world/fhir/history.html"}],"url":"http://hl7.org/fhir/tools/StructureDefinition/ig-parameter"},{"extension":[{"url":"code","valueString":"template-html"},{"url":"value","valueString":"template-page.html"}],"url":"http://hl7.org/fhir/tools/StructureDefinition/ig-parameter"},{"extension":[{"url":"code","valueString":"template-md"},{"url":"value","valueString":"template-page-md.html"}],"url":"http://hl7.org/fhir/tools/StructureDefinition/ig-parameter"},{"extension":[{"url":"code","valueString":"apply-contact"},{"url":"value","valueString":"true"}],"url":"http://hl7.org/fhir/tools/StructureDefinition/ig-parameter"},{"extension":[{"url":"code","valueString":"apply-context"},{"url":"value","valueString":"true"}],"url":"http://hl7.org/fhir/tools/StructureDefinition/ig-parameter"},{"extension":[{"url":"code","valueString":"apply-copyright"},{"url":"value","valueString":"true"}],"url":"http://hl7.org/fhir/tools/StructureDefinition/ig-parameter"},{"extension":[{"url":"code","valueString":"apply-jurisdiction"},{"url":"value","valueString":"true"}],"url":"http://hl7.org/fhir/tools/StructureDefinition/ig-parameter"},{"extension":[{"url":"code","valueString":"apply-license"},{"url":"value","valueString":"true"}],"url":"http://hl7.org/fhir/tools/StructureDefinition/ig-parameter"},{"extension":[{"url":"code","valueString":"apply-publisher"},{"url":"value","valueString":"true"}],"url":"http://hl7.org/fhir/tools/StructureDefinition/ig-parameter"},{"extension":[{"url":"code","valueString":"apply-version"},{"url":"value","valueString":"true"}],"url":"http://hl7.org/fhir/tools/StructureDefinition/ig-parameter"},{"extension":[{"url":"code","valueString":"active-tables"},{"url":"value","valueString":"true"}],"url":"http://hl7.org/fhir/tools/StructureDefinition/ig-parameter"},{"extension":[{"url":"code","valueString":"fmm-definition"},{"url":"value","valueString":"http://hl7.org/fhir/versions.html#maturity"}],"url":"http://hl7.org/fhir/tools/StructureDefinition/ig-parameter"},{"extension":[{"url":"code","valueString":"propagate-status"},{"url":"value","valueString":"true"}],"url":"http://hl7.org/fhir/tools/StructureDefinition/ig-parameter"},{"extension":[{"url":"code","valueString":"excludelogbinaryformat"},{"url":"value","valueString":"true"}],"url":"http://hl7.org/fhir/tools/StructureDefinition/ig-parameter"},{"extension":[{"url":"code","valueString":"tabbed-snapshots"},{"url":"value","valueString":"true"}],"url":"http://hl7.org/fhir/tools/StructureDefinition/ig-parameter"},{"extension":[{"url":"code","valueString":"copyrightyear"},{"url":"value","valueString":"2021+"}],"url":"http://hl7.org/fhir/tools/StructureDefinition/ig-parameter"},{"extension":[{"url":"code","valueString":"releaselabel"},{"url":"value","valueString":"ci-build"}],"url":"http://hl7.org/fhir/tools/StructureDefinition/ig-parameter"},{"extension":[{"url":"code","valueString":"autoload-resources"},{"url":"value","valueString":"true"}],"url":"http://hl7.org/fhir/tools/StructureDefinition/ig-parameter"},{"extension":[{"url":"code","valueString":"path-liquid"},{"url":"value","valueString":"template/liquid"}],"url":"http://hl7.org/fhir/tools/StructureDefinition/ig-parameter"},{"extension":[{"url":"code","valueString":"path-liquid"},{"url":"value","valueString":"input/liquid"}],"url":"http://hl7.org/fhir/tools/StructureDefinition/ig-parameter"},{"extension":[{"url":"code","valueString":"path-qa"},{"url":"value","valueString":"temp/qa"}],"url":"http://hl7.org/fhir/tools/StructureDefinition/ig-parameter"},{"extension":[{"url":"code","valueString":"path-temp"},{"url":"value","valueString":"temp/pages"}],"url":"http://hl7.org/fhir/tools/StructureDefinition/ig-parameter"},{"extension":[{"url":"code","valueString":"path-output"},{"url":"value","valueString":"output"}],"url":"http://hl7.org/fhir/tools/StructureDefinition/ig-parameter"},{"extension":[{"url":"code","valueString":"path-suppressed-warnings"},{"url":"value","valueString":"input/ignoreWarnings.txt"}],"url":"http://hl7.org/fhir/tools/StructureDefinition/ig-parameter"},{"extension":[{"url":"code","valueString":"path-history"},{"url":"value","valueString":"http://rarecare.world/fhir/history.html"}],"url":"http://hl7.org/fhir/tools/StructureDefinition/ig-parameter"},{"extension":[{"url":"code","valueString":"template-html"},{"url":"value","valueString":"template-page.html"}],"url":"http://hl7.org/fhir/tools/StructureDefinition/ig-parameter"},{"extension":[{"url":"code","valueString":"template-md"},{"url":"value","valueString":"template-page-md.html"}],"url":"http://hl7.org/fhir/tools/StructureDefinition/ig-parameter"},{"extension":[{"url":"code","valueString":"apply-contact"},{"url":"value","valueString":"true"}],"url":"http://hl7.org/fhir/tools/StructureDefinition/ig-parameter"},{"extension":[{"url":"code","valueString":"apply-context"},{"url":"value","valueString":"true"}],"url":"http://hl7.org/fhir/tools/StructureDefinition/ig-parameter"},{"extension":[{"url":"code","valueString":"apply-copyright"},{"url":"value","valueString":"true"}],"url":"http://hl7.org/fhir/tools/StructureDefinition/ig-parameter"},{"extension":[{"url":"code","valueString":"apply-jurisdiction"},{"url":"value","valueString":"true"}],"url":"http://hl7.org/fhir/tools/StructureDefinition/ig-parameter"},{"extension":[{"url":"code","valueString":"apply-license"},{"url":"value","valueString":"true"}],"url":"http://hl7.org/fhir/tools/StructureDefinition/ig-parameter"},{"extension":[{"url":"code","valueString":"apply-publisher"},{"url":"value","valueString":"true"}],"url":"http://hl7.org/fhir/tools/StructureDefinition/ig-parameter"},{"extension":[{"url":"code","valueString":"apply-version"},{"url":"value","valueString":"true"}],"url":"http://hl7.org/fhir/tools/StructureDefinition/ig-parameter"},{"extension":[{"url":"code","valueString":"active-tables"},{"url":"value","valueString":"true"}],"url":"http://hl7.org/fhir/tools/StructureDefinition/ig-parameter"},{"extension":[{"url":"code","valueString":"fmm-definition"},{"url":"value","valueString":"http://hl7.org/fhir/versions.html#maturity"}],"url":"http://hl7.org/fhir/tools/StructureDefinition/ig-parameter"},{"extension":[{"url":"code","valueString":"propagate-status"},{"url":"value","valueString":"true"}],"url":"http://hl7.org/fhir/tools/StructureDefinition/ig-parameter"},{"extension":[{"url":"code","valueString":"excludelogbinaryformat"},{"url":"value","valueString":"true"}],"url":"http://hl7.org/fhir/tools/StructureDefinition/ig-parameter"},{"extension":[{"url":"code","valueString":"tabbed-snapshots"},{"url":"value","valueString":"true"}],"url":"http://hl7.org/fhir/tools/StructureDefinition/ig-parameter"},{"extension":[{"url":"code","valueString":"copyrightyear"},{"url":"value","valueString":"2021+"}],"url":"http://hl7.org/fhir/tools/StructureDefinition/ig-parameter"},{"extension":[{"url":"code","valueString":"releaselabel"},{"url":"value","valueString":"ci-build"}],"url":"http://hl7.org/fhir/tools/StructureDefinition/ig-parameter"},{"extension":[{"url":"code","valueString":"autoload-resources"},{"url":"value","valueString":"true"}],"url":"http://hl7.org/fhir/tools/StructureDefinition/ig-parameter"},{"extension":[{"url":"code","valueString":"path-liquid"},{"url":"value","valueString":"template/liquid"}],"url":"http://hl7.org/fhir/tools/StructureDefinition/ig-parameter"},{"extension":[{"url":"code","valueString":"path-liquid"},{"url":"value","valueString":"input/liquid"}],"url":"http://hl7.org/fhir/tools/StructureDefinition/ig-parameter"},{"extension":[{"url":"code","valueString":"path-qa"},{"url":"value","valueString":"temp/qa"}],"url":"http://hl7.org/fhir/tools/StructureDefinition/ig-parameter"},{"extension":[{"url":"code","valueString":"path-temp"},{"url":"value","valueString":"temp/pages"}],"url":"http://hl7.org/fhir/tools/StructureDefinition/ig-parameter"},{"extension":[{"url":"code","valueString":"path-output"},{"url":"value","valueString":"output"}],"url":"http://hl7.org/fhir/tools/StructureDefinition/ig-parameter"},{"extension":[{"url":"code","valueString":"path-suppressed-warnings"},{"url":"value","valueString":"input/ignoreWarnings.txt"}],"url":"http://hl7.org/fhir/tools/StructureDefinition/ig-parameter"},{"extension":[{"url":"code","valueString":"path-history"},{"url":"value","valueString":"http://rarecare.world/fhir/history.html"}],"url":"http://hl7.org/fhir/tools/StructureDefinition/ig-parameter"},{"extension":[{"url":"code","valueString":"template-html"},{"url":"value","valueString":"template-page.html"}],"url":"http://hl7.org/fhir/tools/StructureDefinition/ig-parameter"},{"extension":[{"url":"code","valueString":"template-md"},{"url":"value","valueString":"template-page-md.html"}],"url":"http://hl7.org/fhir/tools/StructureDefinition/ig-parameter"},{"extension":[{"url":"code","valueString":"apply-contact"},{"url":"value","valueString":"true"}],"url":"http://hl7.org/fhir/tools/StructureDefinition/ig-parameter"},{"extension":[{"url":"code","valueString":"apply-context"},{"url":"value","valueString":"true"}],"url":"http://hl7.org/fhir/tools/StructureDefinition/ig-parameter"},{"extension":[{"url":"code","valueString":"apply-copyright"},{"url":"value","valueString":"true"}],"url":"http://hl7.org/fhir/tools/StructureDefinition/ig-parameter"},{"extension":[{"url":"code","valueString":"apply-jurisdiction"},{"url":"value","valueString":"true"}],"url":"http://hl7.org/fhir/tools/StructureDefinition/ig-parameter"},{"extension":[{"url":"code","valueString":"apply-license"},{"url":"value","valueString":"true"}],"url":"http://hl7.org/fhir/tools/StructureDefinition/ig-parameter"},{"extension":[{"url":"code","valueString":"apply-publisher"},{"url":"value","valueString":"true"}],"url":"http://hl7.org/fhir/tools/StructureDefinition/ig-parameter"},{"extension":[{"url":"code","valueString":"apply-version"},{"url":"value","valueString":"true"}],"url":"http://hl7.org/fhir/tools/StructureDefinition/ig-parameter"},{"extension":[{"url":"code","valueString":"active-tables"},{"url":"value","valueString":"true"}],"url":"http://hl7.org/fhir/tools/StructureDefinition/ig-parameter"},{"extension":[{"url":"code","valueString":"fmm-definition"},{"url":"value","valueString":"http://hl7.org/fhir/versions.html#maturity"}],"url":"http://hl7.org/fhir/tools/StructureDefinition/ig-parameter"},{"extension":[{"url":"code","valueString":"propagate-status"},{"url":"value","valueString":"true"}],"url":"http://hl7.org/fhir/tools/StructureDefinition/ig-parameter"},{"extension":[{"url":"code","valueString":"excludelogbinaryformat"},{"url":"value","valueString":"true"}],"url":"http://hl7.org/fhir/tools/StructureDefinition/ig-parameter"},{"extension":[{"url":"code","valueString":"tabbed-snapshots"},{"url":"value","valueString":"true"}],"url":"http://hl7.org/fhir/tools/StructureDefinition/ig-parameter"}],"grouping":[{"id":"-str-profile","name":"Structures: Resource Profiles","description":"These define constraints on FHIR resources for systems conforming to this implementation guide"},{"id":"-term-valueset","name":"Terminology: Value Sets","description":"These define sets of codes used by systems conforming to this implementation guide"},{"id":"-ex-example","name":"Example: Example Instances","description":"These are example instances that show what data produced and consumed by systems conforming with this implementation guide might look like"}],"resource":[{"extension":[{"url":"http://hl7.org/fhir/StructureDefinition/implementationguide-page","valueUri":"StructureDefinition-disease-plan.html"}],"reference":{"reference":"StructureDefinition/disease-plan"},"name":"Disease Management Plan","description":"The PlanDefinition for a rare conditions refers to PlanDefinitions of other diseases, \r\ni.e. Shwachman-Diamond Syndrome is typically associated with Neutropenia. The disease plan refers to \r\nmedication, lab tests and other items for management of the disease.","exampleBoolean":false,"groupingId":"-str-profile"},{"extension":[{"url":"http://hl7.org/fhir/StructureDefinition/implementationguide-page","valueUri":"StructureDefinition-functioning-questionnaire.html"}],"reference":{"reference":"StructureDefinition/functioning-questionnaire"},"name":"Questionnaire for functioning","description":"The FunctioningQuestionnaire is a questionnaire for patients with rare conditions. It captures aspects of their \r\nfunctioning relevant to their specific disease.","exampleBoolean":false,"groupingId":"-str-profile"},{"extension":[{"url":"http://hl7.org/fhir/StructureDefinition/implementationguide-page","valueUri":"StructureDefinition-lab-activity.html"}],"reference":{"reference":"StructureDefinition/lab-activity"},"name":"Lab Test Activity","description":"A Disease is associated with Symptoms, which may be abnormal lab values, represented by LOINC codes.","exampleBoolean":false,"groupingId":"-str-profile"},{"extension":[{"url":"http://hl7.org/fhir/StructureDefinition/implementationguide-page","valueUri":"StructureDefinition-lab-observation.html"}],"reference":{"reference":"StructureDefinition/lab-observation"},"name":"Lab Test Observation","description":"A Disease is associated with Symptoms, which may be abnormal lab values, represented by LOINC codes.","exampleBoolean":false,"groupingId":"-str-profile"},{"extension":[{"url":"http://hl7.org/fhir/StructureDefinition/implementationguide-page","valueUri":"StructureDefinition-med-activity.html"}],"reference":{"reference":"StructureDefinition/med-activity"},"name":"Medication Administration Activity","description":"A Disease is treated with medication.","exampleBoolean":false,"groupingId":"-str-profile"},{"extension":[{"url":"http://hl7.org/fhir/StructureDefinition/implementationguide-page","valueUri":"StructureDefinition-participation-questionnaire.html"}],"reference":{"reference":"StructureDefinition/participation-questionnaire"},"name":"Questionnaire for participation","description":"The ParticipationQuestionnaire is a questionnaire for patients with rare conditions. It captures aspects of their \r\nactivities and participation relevant to their specific disease.","exampleBoolean":false,"groupingId":"-str-profile"},{"extension":[{"url":"http://hl7.org/fhir/StructureDefinition/implementationguide-page","valueUri":"StructureDefinition-rare-care-plan.html"}],"reference":{"reference":"StructureDefinition/rare-care-plan"},"name":"Rare Condition Management Plan","description":"The PlanDefinition for a rare conditions refers to PlanDefinitions of other diseases, \r\ni.e. Shwachman-Diamond Syndrome is typically associated with Neutropenia. A code from Orphanet is required.","exampleBoolean":false,"groupingId":"-str-profile"},{"extension":[{"url":"http://hl7.org/fhir/StructureDefinition/implementationguide-page","valueUri":"ValueSet-icf-b-codes.html"}],"reference":{"reference":"ValueSet/icf-b-codes"},"name":"ICF b codes: BODY FUNCTIONS","description":"All codes from ICF B subhierarchy: BODY FUNCTIONS","exampleBoolean":false,"groupingId":"-term-valueset"},{"extension":[{"url":"http://hl7.org/fhir/StructureDefinition/implementationguide-page","valueUri":"ValueSet-icf-d-codes.html"}],"reference":{"reference":"ValueSet/icf-d-codes"},"name":"ICF d codes: ACTIVITIES AND PARTICIPATION","description":"All codes from ICF D subhierarchy: ACTIVITIES AND PARTICIPATION","exampleBoolean":false,"groupingId":"-term-valueset"},{"extension":[{"url":"http://hl7.org/fhir/StructureDefinition/implementationguide-page","valueUri":"ActivityDefinition-act-calcidiol-in-serum-plasma.html"}],"reference":{"reference":"ActivityDefinition/act-calcidiol-in-serum-plasma"},"name":"Calcidiol (25-hydroxy-Vitamin D3) in serum/plasma ActivityDefinition","description":"Calcidiol (25-hydroxy-Vitamin D3) in serum/plasma","exampleCanonical":"http://rarecare.world/fhir/StructureDefinition/lab-activity","groupingId":"-ex-example"},{"extension":[{"url":"http://hl7.org/fhir/StructureDefinition/implementationguide-page","valueUri":"ActivityDefinition-act-neutrophils-in-blood.html"}],"reference":{"reference":"ActivityDefinition/act-neutrophils-in-blood"},"name":"Neutrophils in blood ActivityDefinition","description":"Neutrophils in blood measurement","exampleCanonical":"http://rarecare.world/fhir/StructureDefinition/lab-activity","groupingId":"-ex-example"},{"extension":[{"url":"http://hl7.org/fhir/StructureDefinition/implementationguide-page","valueUri":"ActivityDefinition-act-pancreatine.html"}],"reference":{"reference":"ActivityDefinition/act-pancreatine"},"name":"Pancreatine","description":"Pancreatine","exampleCanonical":"http://rarecare.world/fhir/StructureDefinition/med-activity","groupingId":"-ex-example"},{"extension":[{"url":"http://hl7.org/fhir/StructureDefinition/implementationguide-page","valueUri":"ActivityDefinition-act-retinol-in-serum-plasma.html"}],"reference":{"reference":"ActivityDefinition/act-retinol-in-serum-plasma"},"name":"Retinol (Vitamin A) in serum/plasma ActivityDefinition","description":"Retinol (Vitamin A) in serum/plasma","exampleCanonical":"http://rarecare.world/fhir/StructureDefinition/lab-activity","groupingId":"-ex-example"},{"extension":[{"url":"http://hl7.org/fhir/StructureDefinition/implementationguide-page","valueUri":"Questionnaire-developmental-disability-questionnaire.html"}],"reference":{"reference":"Questionnaire/developmental-disability-questionnaire"},"name":"Functioning Questionnaire for Development Disability","exampleCanonical":"http://rarecare.world/fhir/StructureDefinition/functioning-questionnaire","groupingId":"-ex-example"},{"extension":[{"url":"http://hl7.org/fhir/StructureDefinition/implementationguide-page","valueUri":"ObservationDefinition-obs-calcidiol-in-serum-plasma.html"}],"reference":{"reference":"ObservationDefinition/obs-calcidiol-in-serum-plasma"},"name":"Calcidiol (25-hydroxy-Vitamin D3) in serum/plasma ActivityDefinition","exampleCanonical":"http://rarecare.world/fhir/StructureDefinition/lab-observation","groupingId":"-ex-example"},{"extension":[{"url":"http://hl7.org/fhir/StructureDefinition/implementationguide-page","valueUri":"ObservationDefinition-obs-neutrophils-in-blood.html"}],"reference":{"reference":"ObservationDefinition/obs-neutrophils-in-blood"},"name":"Neutrophils in blood ObservationDefinition","exampleCanonical":"http://rarecare.world/fhir/StructureDefinition/lab-observation","groupingId":"-ex-example"},{"extension":[{"url":"http://hl7.org/fhir/StructureDefinition/implementationguide-page","valueUri":"ObservationDefinition-obs-retinol-in-serum-plasma.html"}],"reference":{"reference":"ObservationDefinition/obs-retinol-in-serum-plasma"},"name":"Retinol (Vitamin A) in serum/plasma ActivityDefinition","exampleCanonical":"http://rarecare.world/fhir/StructureDefinition/lab-observation","groupingId":"-ex-example"},{"extension":[{"url":"http://hl7.org/fhir/StructureDefinition/implementationguide-page","valueUri":"PlanDefinition-plan-neutropenia.html"}],"reference":{"reference":"PlanDefinition/plan-neutropenia"},"name":"Neutropenia PlanDefinition","description":"Neutropenia management plan.","exampleCanonical":"http://rarecare.world/fhir/StructureDefinition/disease-plan","groupingId":"-ex-example"},{"extension":[{"url":"http://hl7.org/fhir/StructureDefinition/implementationguide-page","valueUri":"PlanDefinition-plan-pancreas-insufficiency.html"}],"reference":{"reference":"PlanDefinition/plan-pancreas-insufficiency"},"name":"Pancreas Insufficiëntie PlanDefinition","description":"Pancreas Insufficiëntie management plan.","exampleCanonical":"http://rarecare.world/fhir/StructureDefinition/disease-plan","groupingId":"-ex-example"},{"extension":[{"url":"http://hl7.org/fhir/StructureDefinition/implementationguide-page","valueUri":"PlanDefinition-plan-sds.html"}],"reference":{"reference":"PlanDefinition/plan-sds"},"name":"Shwachman Diamond Syndrome PlanDefinition","description":"Shwachman Diamond Syndrome management plan.","exampleCanonical":"http://rarecare.world/fhir/StructureDefinition/rare-care-plan","groupingId":"-ex-example"},{"extension":[{"url":"http://hl7.org/fhir/StructureDefinition/implementationguide-page","valueUri":"Questionnaire-shwachman-diamond-syndrome-questionnaire.html"}],"reference":{"reference":"Questionnaire/shwachman-diamond-syndrome-questionnaire"},"name":"Participation and Activities Questionnaire for Shwachman Diamond Syndrome","exampleCanonical":"http://rarecare.world/fhir/StructureDefinition/participation-questionnaire","groupingId":"-ex-example"}],"page":{"nameUrl":"toc.html","title":"Table of Contents","generation":"html","page":[{"nameUrl":"index.html","title":"Home","generation":"markdown"},{"nameUrl":"artifacts.html","title":"Artifacts Summary","generation":"html","page":[{"nameUrl":"StructureDefinition-disease-plan.html","title":"Disease Management Plan","generation":"generated"},{"nameUrl":"StructureDefinition-functioning-questionnaire.html","title":"Questionnaire for functioning","generation":"generated"},{"nameUrl":"StructureDefinition-lab-activity.html","title":"Lab Test Activity","generation":"generated"},{"nameUrl":"StructureDefinition-lab-observation.html","title":"Lab Test Observation","generation":"generated"},{"nameUrl":"StructureDefinition-med-activity.html","title":"Medication Administration Activity","generation":"generated"},{"nameUrl":"StructureDefinition-participation-questionnaire.html","title":"Questionnaire for participation","generation":"generated"},{"nameUrl":"StructureDefinition-rare-care-plan.html","title":"Rare Condition Management Plan","generation":"generated"},{"nameUrl":"ValueSet-icf-b-codes.html","title":"ICF b codes: BODY FUNCTIONS","generation":"generated"},{"nameUrl":"ValueSet-icf-d-codes.html","title":"ICF d codes: ACTIVITIES AND PARTICIPATION","generation":"generated"},{"nameUrl":"ActivityDefinition-act-calcidiol-in-serum-plasma.html","title":"Calcidiol (25-hydroxy-Vitamin D3) in serum/plasma ActivityDefinition","generation":"generated"},{"nameUrl":"ActivityDefinition-act-neutrophils-in-blood.html","title":"Neutrophils in blood ActivityDefinition","generation":"generated"},{"nameUrl":"ActivityDefinition-act-pancreatine.html","title":"Pancreatine","generation":"generated"},{"nameUrl":"ActivityDefinition-act-retinol-in-serum-plasma.html","title":"Retinol (Vitamin A) in serum/plasma ActivityDefinition","generation":"generated"},{"nameUrl":"Questionnaire-developmental-disability-questionnaire.html","title":"Functioning Questionnaire for Development Disability","generation":"generated"},{"nameUrl":"ObservationDefinition-obs-calcidiol-in-serum-plasma.html","title":"Calcidiol (25-hydroxy-Vitamin D3) in serum/plasma ActivityDefinition","generation":"generated"},{"nameUrl":"ObservationDefinition-obs-neutrophils-in-blood.html","title":"Neutrophils in blood ObservationDefinition","generation":"generated"},{"nameUrl":"ObservationDefinition-obs-retinol-in-serum-plasma.html","title":"Retinol (Vitamin A) in serum/plasma ActivityDefinition","generation":"generated"},{"nameUrl":"PlanDefinition-plan-neutropenia.html","title":"Neutropenia PlanDefinition","generation":"generated"},{"nameUrl":"PlanDefinition-plan-pancreas-insufficiency.html","title":"Pancreas Insufficiëntie PlanDefinition","generation":"generated"},{"nameUrl":"PlanDefinition-plan-sds.html","title":"Shwachman Diamond Syndrome PlanDefinition","generation":"generated"},{"nameUrl":"Questionnaire-shwachman-diamond-syndrome-questionnaire.html","title":"Participation and Activities Questionnaire for Shwachman Diamond Syndrome","generation":"generated"}]}]},"parameter":[{"code":"path-resource","value":"input/capabilities"},{"code":"path-resource","value":"input/examples"},{"code":"path-resource","value":"input/extensions"},{"code":"path-resource","value":"input/models"},{"code":"path-resource","value":"input/operations"},{"code":"path-resource","value":"input/profiles"},{"code":"path-resource","value":"input/resources"},{"code":"path-resource","value":"input/vocabulary"},{"code":"path-resource","value":"input/maps"},{"code":"path-resource","value":"input/testing"},{"code":"path-resource","value":"input/history"},{"code":"path-resource","value":"fsh-generated/resources"},{"code":"path-pages","value":"template/config"},{"code":"path-pages","value":"input/images"},{"code":"path-tx-cache","value":"input-cache/txcache"}]}}