{"resourceType":"PlanDefinition","id":"plan-sds","meta":{"profile":["http://rarecare.world/fhir/StructureDefinition/rare-care-plan"]},"url":"http://rarecare.world/fhir/PlanDefinition/plan-sds","version":"0.1.0","title":"Shwachman Diamond Syndrome Management","type":{"coding":[{"system":"http://terminology.hl7.org/CodeSystem/plan-definition-type","code":"clinical-protocol"}]},"status":"draft","subjectCodeableConcept":{"coding":[{"system":"http://hl7.org/fhir/resource-types","code":"Patient"}]},"date":"2021-01-14","publisher":"Stichting Rare Care World","description":"Shwachman Diamond Syndrome personal management plan.","topic":[{"coding":[{"system":"http://terminology.hl7.org/CodeSystem/definition-topic","code":"treatment"}]}],"relatedArtifact":[{"type":"justification","url":"https://rarecare.world/patient-organisation/shwachman-syndrome-support-holland"}]}