{"resourceType":"PlanDefinition","id":"plan-developmental-disability","meta":{"profile":["http://rarecare.world/fhir/StructureDefinition/disease-plan"]},"url":"http://rarecare.world/fhir/PlanDefinition/developmental-disability","version":"0.1.0","title":"Ontwikkelingsstoornis","type":{"coding":[{"system":"http://terminology.hl7.org/CodeSystem/plan-definition-type","code":"clinical-protocol"}]},"status":"draft","subjectCodeableConcept":{"coding":[{"system":"http://hl7.org/fhir/resource-types","code":"Patient"}]},"date":"2021-01-14","publisher":"Stichting Rare Care World","description":"Neutropenia management plan.","topic":[{"coding":[{"system":"http://terminology.hl7.org/CodeSystem/definition-topic","code":"treatment"}]}],"relatedArtifact":[{"type":"documentation","url":"https://rarecare.world/disease/neutropenia"}],"goal":[{"description":{"text":"Neutropenia management"},"addresses":[{"coding":[{"system":"http://hl7.org/fhir/sid/icd-10","code":"D70.9","display":"Neutropenia, unspecified"}]}]}],"action":[{"title":"Neutrophils in blood","definitionCanonical":"act-neutrophils-in-blood"}]}