{"resourceType":"PlanDefinition","id":"plan-neutropenia","meta":{"profile":["http://rarecare.world/fhir/StructureDefinition/disease-plan"]},"url":"https://rarecare.world/fhir/PlanDefinition/neutropenia","version":"0.1.0","title":"Neutropenia Management","type":{"coding":[{"code":"clinical-protocol"}]},"status":"draft","subjectCodeableConcept":{"coding":[{"system":"http://hl7.org/fhir/resource-types","code":"Patient"}]},"date":"2021-01-14","publisher":"Stichting Rare Care World","description":"Neutropenia management plan.","topic":[{"coding":[{"system":"http://terminology.hl7.org/CodeSystem/definition-topic","code":"treatment"}]}],"relatedArtifact":[{"type":"documentation","url":"https://rarecare.world/disease/neutropenia","document":{"url":"https://rarecare.world/disease/neutropenia"}}],"goal":[{"description":{"text":"Neutropenia management"},"addresses":[{"coding":[{"system":"http://hl7.org/fhir/sid/icd-10","code":"D70.9","display":"Neutropenia, unspecified"}]}]}],"action":[{"title":"Neutrophils in blood","definitionCanonical":"https://rarecare.world/fhir/LabActivityDefinition/751-8"}]}