{
  "resourceType": "ActivityDefinition",
  "id": "act-retinol-in-serum-plasma",
  "meta": {
    "profile": [
      "http://rarecare.world/fhir/StructureDefinition/lab-activity"
    ]
  },
  "text": {
    "status": "generated",
    "div": "<div xmlns=\"http://www.w3.org/1999/xhtml\"><p><b>Generated Narrative: ActivityDefinition</b><a name=\"act-retinol-in-serum-plasma\"> </a></p><div style=\"display: inline-block; background-color: #d9e0e7; padding: 6px; margin: 4px; border: 1px solid #8da1b4; border-radius: 5px; line-height: 60%\"><p style=\"margin-bottom: 0px\">Resource ActivityDefinition \"act-retinol-in-serum-plasma\" </p><p style=\"margin-bottom: 0px\">Profile: <a href=\"StructureDefinition-lab-activity.html\">Lab Test Activity</a></p></div><p><b>url</b>: <code>https://rarecare.world/fhir/LabActivityDefinition/14905-4</code></p><p><b>version</b>: 0.1.0</p><p><b>status</b>: draft</p><p><b>date</b>: 2022-10-25 03:37:55+0200</p><p><b>description</b>: Retinol (Vitamin A) in serum/plasma</p><p><b>kind</b>: ServiceRequest</p><p><b>code</b>: Retinol (Vitamin A) in serum/plasma <span style=\"background: LightGoldenRodYellow; margin: 4px; border: 1px solid khaki\"> (<a href=\"https://loinc.org/\">LOINC</a>#751-8)</span></p><p><b>observationRequirement</b>: <a href=\"ObservationDefinition-obs-retinol-in-serum-plasma.html\">ObservationDefinition/obs-retinol-in-serum-plasma</a></p></div>"
  },
  "url": "https://rarecare.world/fhir/LabActivityDefinition/14905-4",
  "version": "0.1.0",
  "status": "draft",
  "date": "2022-10-25T15:37:55+02:00",
  "description": "Retinol (Vitamin A) in serum/plasma",
  "kind": "ServiceRequest",
  "code": {
    "coding": [
      {
        "system": "http://loinc.org",
        "code": "751-8",
        "display": "Retinol (Vitamin A) in serum/plasma"
      }
    ]
  },
  "observationRequirement": [
    {
      "reference": "ObservationDefinition/obs-retinol-in-serum-plasma"
    }
  ]
}