{
  "resourceType": "ValueSet",
  "id": "icf-d-codes",
  "text": {
    "status": "generated",
    "div": "<div xmlns=\"http://www.w3.org/1999/xhtml\"><ul><li>Include codes from <code>http://hl7.org/fhir/sid/icf-nl</code> where concept  is-a  d</li></ul></div>"
  },
  "url": "http://rarecare.world/fhir/ValueSet/icf-d-codes",
  "version": "0.1.0",
  "name": "ICFDcodes",
  "title": "ICF d codes: ACTIVITIES AND PARTICIPATION",
  "status": "active",
  "date": "2021-06-11T11:22:34+02:00",
  "description": "All codes from ICF D subhierarchy: ACTIVITIES AND PARTICIPATION",
  "compose": {
    "include": [
      {
        "system": "http://hl7.org/fhir/sid/icf-nl",
        "filter": [
          {
            "property": "concept",
            "op": "is-a",
            "value": "d"
          }
        ]
      }
    ]
  }
}