{
  "resourceType": "ValueSet",
  "id": "icf-d-codes",
  "text": {
    "status": "generated",
    "div": "<div xmlns=\"http://www.w3.org/1999/xhtml\"><ul><li>Include codes from <code>urn:oid:2.16.840.1.113883.6.254</code> where concept  is-a  d</li></ul></div>"
  },
  "url": "http://rarecare.world/fhir/ValueSet/icf-d-codes",
  "version": "0.1.0",
  "name": "ICFDcodes",
  "title": "ICF d codes: ACTIVITIES AND PARTICIPATION",
  "status": "active",
  "date": "2022-10-25T15:37:55+02:00",
  "description": "All codes from ICF D subhierarchy: ACTIVITIES AND PARTICIPATION",
  "compose": {
    "include": [
      {
        "system": "urn:oid:2.16.840.1.113883.6.254",
        "filter": [
          {
            "property": "concept",
            "op": "is-a",
            "value": "d"
          }
        ]
      }
    ]
  }
}