{
  "resourceType": "PlanDefinition",
  "id": "plan-pancreas-insufficiency",
  "meta": {
    "profile": [
      "http://rarecare.world/fhir/StructureDefinition/disease-plan"
    ]
  },
  "text": {
    "status": "generated",
    "div": "<div xmlns=\"http://www.w3.org/1999/xhtml\"><p><b>Generated Narrative</b></p><p><b>url</b>: <code>https://rarecare.world/fhir/PlanDefinition/pancreas-insufficiency</code></p><p><b>version</b>: 0.1.0</p><p><b>title</b>: Pancreas Insufficiëntie</p><p><b>type</b>: <span title=\"Codes: {http://terminology.hl7.org/CodeSystem/plan-definition-type clinical-protocol}\">Clinical Protocol</span></p><p><b>status</b>: draft</p><p><b>subject</b>: <span title=\"Codes: {http://hl7.org/fhir/resource-types Patient}\">Patient</span></p><p><b>date</b>: 2021-01-14</p><p><b>publisher</b>: Stichting Rare Care World</p><p><b>description</b>: Pancreas Insufficiëntie management plan.</p><p><b>topic</b>: <span title=\"Codes: {http://terminology.hl7.org/CodeSystem/definition-topic treatment}\">Treatment</span></p><h3>RelatedArtifacts</h3><table class=\"grid\"><tr><td>-</td></tr><tr><td>*</td></tr></table><h3>Goals</h3><table class=\"grid\"><tr><td>-</td><td><b>Description</b></td><td><b>Addresses</b></td></tr><tr><td>*</td><td><span title=\"Codes: \">Pancreas Insufficiëntie management</span></td><td><span title=\"Codes: {http://hl7.org/fhir/sid/icd-10 K86.81}\">Exocrine pancreatic insufficiency</span></td></tr></table><blockquote><p><b>action</b></p><p><b>title</b>: Retinol (Vitamin A) in serum/plasma</p><p><b>definition</b>: <a href=\"https://rarecare.world/fhir/LabActivityDefinition/14905-4\">https://rarecare.world/fhir/LabActivityDefinition/14905-4</a></p></blockquote><blockquote><p><b>action</b></p><p><b>title</b>: Calcidiol (25-hydroxy-Vitamin D3) in serum/plasma</p><p><b>definition</b>: <a href=\"https://rarecare.world/fhir/LabActivityDefinition/14635-7\">https://rarecare.world/fhir/LabActivityDefinition/14635-7</a></p></blockquote><blockquote><p><b>action</b></p><p><b>title</b>: Calcidiol (25-hydroxy-Vitamin D3) in serum/plasma</p><p><b>definition</b>: <a href=\"https://rarecare.world/fhir/LabActivityDefinition/14635-7\">https://rarecare.world/fhir/LabActivityDefinition/14635-7</a></p></blockquote></div>"
  },
  "url": "https://rarecare.world/fhir/PlanDefinition/pancreas-insufficiency",
  "version": "0.1.0",
  "title": "Pancreas Insufficiëntie",
  "type": {
    "coding": [
      {
        "system": "http://terminology.hl7.org/CodeSystem/plan-definition-type",
        "code": "clinical-protocol"
      }
    ]
  },
  "status": "draft",
  "subjectCodeableConcept": {
    "coding": [
      {
        "system": "http://hl7.org/fhir/resource-types",
        "code": "Patient"
      }
    ]
  },
  "date": "2021-01-14",
  "publisher": "Stichting Rare Care World",
  "description": "Pancreas Insufficiëntie management plan.",
  "topic": [
    {
      "coding": [
        {
          "system": "http://terminology.hl7.org/CodeSystem/definition-topic",
          "code": "treatment"
        }
      ]
    }
  ],
  "relatedArtifact": [
    {
      "type": "documentation",
      "url": "https://rarecare.world/disease/pancreas-insufficiency"
    }
  ],
  "goal": [
    {
      "description": {
        "text": "Pancreas Insufficiëntie management"
      },
      "addresses": [
        {
          "coding": [
            {
              "system": "http://hl7.org/fhir/sid/icd-10",
              "code": "K86.81",
              "display": "Exocrine pancreatic insufficiency"
            }
          ]
        }
      ]
    }
  ],
  "action": [
    {
      "title": "Retinol (Vitamin A) in serum/plasma",
      "definitionCanonical": "https://rarecare.world/fhir/LabActivityDefinition/14905-4"
    },
    {
      "title": "Calcidiol (25-hydroxy-Vitamin D3) in serum/plasma",
      "definitionCanonical": "https://rarecare.world/fhir/LabActivityDefinition/14635-7"
    },
    {
      "title": "Calcidiol (25-hydroxy-Vitamin D3) in serum/plasma",
      "definitionCanonical": "https://rarecare.world/fhir/LabActivityDefinition/14635-7"
    }
  ]
}